user_id,segment_truth,account_age_days,kyc_verified,shopeepay_linked,cod_orders,success_count,refused_count,refused_90d,shared_device_accounts,device_id,address_changes_90d,avg_order_value,high_value_ratio,last_refusal_reason
U00001,new,19,False,False,1,1,0,0,0,DEV-00000,0,1836,1.77,
U00002,loyal,2043,False,False,69,69,0,0,0,DEV-00001,0,1431,1.37,
U00003,loyal,1311,True,False,20,20,0,0,0,DEV-00002,1,1796,1.36,
U00004,abuser,44,False,False,11,5,6,5,7,DEV-RING-05,6,1900,4.13,ไม่อยู่บ้าน ติดต่อไม่ได้
U00005,abuser,51,False,False,9,3,6,3,5,DEV-RING-04,5,2359,3.16,ไม่มีเงินจ่ายตอนของมาส่ง
U00006,occasional_refuser,558,True,True,17,14,3,0,1,DEV-00005,1,1646,1.57,เจอที่อื่นถูกกว่า
U00007,loyal,663,True,True,67,66,1,1,0,DEV-00006,1,237,1.45,ของไม่ตรงปก สีไม่ตรงกับที่สั่ง
U00008,loyal,663,True,False,43,43,0,0,0,DEV-00007,1,1478,1.52,
U00009,normal,870,True,True,24,24,0,0,0,DEV-00008,1,2155,0.86,
U00010,loyal,2119,True,False,18,18,0,0,0,DEV-00009,1,1992,1.39,
U00011,new,12,True,False,1,1,0,0,0,DEV-00010,0,1787,0.71,
U00012,loyal,1351,True,True,73,73,0,0,0,DEV-00011,1,711,1.14,
U00013,normal,515,True,False,19,19,0,0,0,DEV-00012,0,1794,1.75,
U00014,normal,1167,False,False,29,27,2,0,1,DEV-00013,0,1804,0.93,สั่งผิด ไม่ได้ตั้งใจสั่ง
U00015,normal,375,False,False,24,24,0,0,0,DEV-00014,1,1165,1.51,
U00016,normal,287,True,True,18,17,1,1,1,DEV-00015,0,1742,0.65,สั่งผิด ไม่ได้ตั้งใจสั่ง
U00017,normal,235,True,False,24,22,2,0,0,DEV-00016,0,1283,1.02,ร้านส่งช้ากว่ากำหนด 10 วัน
U00018,new,2,False,False,0,0,0,0,1,DEV-00017,0,1424,1.73,
U00019,normal,757,True,True,28,27,1,1,0,DEV-00018,0,1451,0.63,ของไม่ตรงปก สีไม่ตรงกับที่สั่ง
U00020,loyal,1786,True,False,58,58,0,0,0,DEV-00019,0,403,1.47,
U00021,occasional_refuser,1171,False,True,9,8,1,1,0,DEV-00020,0,2389,1.05,ร้านส่งช้ากว่ากำหนด 10 วัน
U00022,normal,966,False,True,16,16,0,0,0,DEV-00021,0,2428,0.65,
U00023,occasional_refuser,1191,False,False,6,3,3,1,0,DEV-00022,1,1114,1.22,เจอที่อื่นถูกกว่า
U00024,loyal,1162,False,True,62,62,0,0,0,DEV-00023,1,308,0.89,
U00025,loyal,2139,False,False,63,62,1,0,0,DEV-00024,1,1323,0.84,ไม่อยู่บ้าน ติดต่อไม่ได้
U00026,loyal,1434,True,True,75,75,0,0,0,DEV-00025,0,846,1.41,
U00027,new,15,False,False,2,2,0,0,0,DEV-00026,1,457,1.46,
U00028,loyal,1576,True,False,75,75,0,0,0,DEV-00027,0,2395,1.19,
U00029,normal,1444,True,True,27,27,0,0,0,DEV-00028,1,1909,0.73,
U00030,abuser,52,False,True,6,3,3,2,7,DEV-RING-00,3,2099,4.14,เจอที่อื่นถูกกว่า
U00031,new,14,False,False,0,0,0,0,1,DEV-00030,1,831,1.64,
U00032,normal,671,False,False,28,27,1,0,0,DEV-00031,1,2068,1.14,เปลี่ยนใจ ไม่ต้องการแล้ว
U00033,loyal,2247,True,True,19,19,0,0,0,DEV-00032,1,488,1.59,
U00034,abuser,73,False,False,6,4,2,0,4,DEV-RING-06,2,1158,2.9,ไม่มีเงินจ่ายตอนของมาส่ง
U00035,new,18,False,False,2,2,0,0,0,DEV-00034,1,252,1.65,
U00036,loyal,2263,True,True,30,30,0,0,0,DEV-00035,0,1027,1.1,
U00037,normal,1349,True,False,5,4,1,0,0,DEV-00036,1,903,0.72,ได้รับสินค้าผิดรุ่น
U00038,new,24,True,True,1,1,0,0,0,DEV-00037,1,2165,1.24,
U00039,normal,1195,True,True,13,12,1,0,0,DEV-00038,0,1336,1.17,ไม่อยู่บ้าน ติดต่อไม่ได้
U00040,normal,606,True,True,14,13,1,0,0,DEV-00039,0,1408,1.74,ได้รับสินค้าผิดรุ่น
U00041,occasional_refuser,617,False,True,18,17,1,1,1,DEV-00040,1,1782,1.36,ไม่อยู่บ้าน ติดต่อไม่ได้
U00042,occasional_refuser,1107,True,True,7,4,3,3,1,DEV-00041,1,2403,1.47,สั่งผิด ไม่ได้ตั้งใจสั่ง
U00043,occasional_refuser,523,False,True,16,14,2,1,1,DEV-00042,1,1597,1.74,ไม่มีเงินจ่ายตอนของมาส่ง
U00044,loyal,641,True,False,51,51,0,0,0,DEV-00043,1,2028,1.23,
U00045,normal,422,True,True,19,17,2,2,1,DEV-00044,1,639,0.71,ของไม่ตรงปก สีไม่ตรงกับที่สั่ง
U00046,normal,1036,True,True,22,21,1,0,1,DEV-00045,0,2349,1.04,เปลี่ยนใจ ไม่ต้องการแล้ว
U00047,normal,1129,True,True,13,12,1,1,1,DEV-00046,1,161,1.54,เจอที่อื่นถูกกว่า
U00048,abuser,86,False,False,10,7,3,2,8,DEV-RING-00,2,1217,2.93,ไม่มีเงินจ่ายตอนของมาส่ง
U00049,occasional_refuser,551,True,True,10,7,3,3,0,DEV-00048,0,2493,0.96,กล่องบุบ สินค้าเสียหาย
U00050,occasional_refuser,840,True,True,10,7,3,2,1,DEV-00049,1,2258,1.8,ของไม่ตรงปก สีไม่ตรงกับที่สั่ง
U00051,loyal,890,True,False,30,30,0,0,0,DEV-00050,0,1692,0.84,
U00052,loyal,376,True,True,15,15,0,0,0,DEV-00051,0,2146,1.56,
U00053,loyal,1793,True,True,67,65,2,0,0,DEV-00052,0,443,1.44,ร้านส่งช้ากว่ากำหนด 10 วัน
U00054,normal,851,False,True,23,22,1,0,0,DEV-00053,1,1377,1.48,ไม่อยู่บ้าน ติดต่อไม่ได้
U00055,normal,1472,True,True,16,15,1,0,0,DEV-00054,1,581,1.66,ร้านส่งช้ากว่ากำหนด 10 วัน
U00056,abuser,72,False,False,11,6,5,5,7,DEV-RING-03,4,1413,4.5,เปลี่ยนใจ ไม่ต้องการแล้ว
U00057,normal,1076,True,True,14,14,0,0,1,DEV-00056,0,430,1.08,
U00058,loyal,2388,True,False,33,33,0,0,0,DEV-00057,1,1117,1.33,
U00059,normal,1274,True,True,8,8,0,0,1,DEV-00058,0,497,1.1,
U00060,normal,408,False,True,12,11,1,1,0,DEV-00059,0,1163,1.38,เปลี่ยนใจ ไม่ต้องการแล้ว
U00061,normal,832,False,True,12,12,0,0,0,DEV-00060,1,1873,1.71,
U00062,new,16,False,True,0,0,0,0,0,DEV-00061,0,319,1.19,
U00063,occasional_refuser,996,True,True,6,5,1,1,0,DEV-00062,0,2093,0.81,ไม่อยู่บ้าน ติดต่อไม่ได้
U00064,occasional_refuser,533,False,False,12,9,3,3,0,DEV-00063,0,1964,0.74,สั่งผิด ไม่ได้ตั้งใจสั่ง
U00065,normal,1176,True,True,21,20,1,0,1,DEV-00064,0,1822,0.61,ไม่มีเงินจ่ายตอนของมาส่ง
U00066,occasional_refuser,249,False,True,23,20,3,3,0,DEV-00065,0,922,1.79,เจอที่อื่นถูกกว่า
U00067,new,3,False,True,0,0,0,0,0,DEV-00066,0,2281,0.78,
U00068,loyal,1714,True,True,30,30,0,0,0,DEV-00067,0,347,1.3,
U00069,loyal,2159,True,True,69,68,1,0,0,DEV-00068,1,1417,1.4,กล่องบุบ สินค้าเสียหาย
U00070,normal,1403,False,False,25,24,1,0,0,DEV-00069,1,1052,1.21,ได้รับสินค้าผิดรุ่น
U00071,normal,570,True,False,25,25,0,0,0,DEV-00070,0,567,1.7,
U00072,normal,536,False,False,8,8,0,0,0,DEV-00071,0,1481,0.97,
U00073,normal,100,False,True,7,7,0,0,0,DEV-00072,1,1939,1.34,
U00074,occasional_refuser,647,False,True,19,18,1,1,1,DEV-00073,1,1449,1.64,สั่งผิด ไม่ได้ตั้งใจสั่ง
U00075,new,13,True,True,2,1,1,0,1,DEV-00074,0,1344,1.5,ไม่มีเงินจ่ายตอนของมาส่ง
U00076,normal,1186,False,False,26,25,1,0,1,DEV-00075,1,2034,1.09,กล่องบุบ สินค้าเสียหาย
U00077,abuser,55,False,False,17,11,6,4,3,DEV-RING-05,5,169,2.67,เจอที่อื่นถูกกว่า
U00078,new,26,True,False,1,1,0,0,1,DEV-00077,0,160,1.35,
U00079,normal,460,True,True,21,21,0,0,0,DEV-00078,1,1125,1.41,
U00080,normal,1292,True,True,24,24,0,0,1,DEV-00079,1,2233,1.08,
U00081,loyal,1815,True,False,20,20,0,0,0,DEV-00080,1,846,1.57,
U00082,normal,843,False,True,6,6,0,0,1,DEV-00081,1,1315,1.31,
U00083,normal,1380,True,True,12,12,0,0,0,DEV-00082,0,1215,0.84,
U00084,normal,1331,False,True,12,12,0,0,1,DEV-00083,1,964,1.25,
U00085,loyal,2280,True,False,51,49,2,0,0,DEV-00084,0,2158,1.49,ร้านส่งช้ากว่ากำหนด 10 วัน
U00086,normal,430,True,True,7,6,1,1,0,DEV-00085,1,1269,1.27,กล่องบุบ สินค้าเสียหาย
U00087,abuser,71,False,True,14,9,5,3,7,DEV-RING-03,5,899,5.26,ไม่อยู่บ้าน ติดต่อไม่ได้
U00088,normal,1437,False,True,28,28,0,0,0,DEV-00087,0,728,0.72,
U00089,loyal,2467,True,True,44,44,0,0,0,DEV-00088,1,1053,0.66,
U00090,loyal,2281,True,True,60,60,0,0,0,DEV-00089,0,153,1.07,
U00091,loyal,1250,True,True,71,71,0,0,0,DEV-00090,0,1163,1.19,
U00092,new,14,False,False,2,2,0,0,0,DEV-00091,0,933,1.18,
U00093,normal,411,True,True,9,9,0,0,1,DEV-00092,1,261,1.45,
U00094,loyal,408,True,True,74,74,0,0,0,DEV-00093,1,1607,0.64,
U00095,loyal,554,True,False,51,51,0,0,0,DEV-00094,1,1604,0.61,
U00096,loyal,2279,True,False,65,64,1,1,0,DEV-00095,0,999,1.7,เจอที่อื่นถูกกว่า
U00097,occasional_refuser,229,False,True,11,9,2,0,1,DEV-00096,1,220,0.86,ไม่มีเงินจ่ายตอนของมาส่ง
U00098,normal,630,False,True,3,3,0,0,1,DEV-00097,1,441,1.49,
U00099,normal,1344,False,True,9,9,0,0,0,DEV-00098,0,2480,0.81,
U00100,loyal,2338,True,True,16,14,2,2,0,DEV-00099,0,1611,0.75,ของไม่ตรงปก สีไม่ตรงกับที่สั่ง
U00101,normal,1107,True,True,4,4,0,0,0,DEV-00100,1,271,1.6,
U00102,loyal,1636,True,True,70,70,0,0,0,DEV-00101,1,1916,1.26,
U00103,new,20,False,True,2,2,0,0,0,DEV-00102,1,179,1.1,
U00104,new,11,True,False,1,1,0,0,1,DEV-00103,1,1251,1.07,
U00105,abuser,20,False,False,8,6,2,2,8,DEV-RING-05,5,2214,5.69,เจอที่อื่นถูกกว่า
U00106,normal,672,False,False,16,15,1,1,0,DEV-00105,1,2173,1.28,ไม่มีเงินจ่ายตอนของมาส่ง
U00107,loyal,2068,True,True,15,15,0,0,0,DEV-00106,0,2041,1.78,
U00108,occasional_refuser,880,True,False,17,15,2,1,0,DEV-00107,1,1335,1.3,ไม่มีเงินจ่ายตอนของมาส่ง
U00109,loyal,1363,True,False,36,36,0,0,0,DEV-00108,0,259,0.8,
U00110,abuser,42,True,False,15,9,6,6,5,DEV-RING-01,4,1376,5.58,ไม่มีเงินจ่ายตอนของมาส่ง
U00111,normal,731,True,True,10,10,0,0,0,DEV-00110,1,2226,1.38,
U00112,normal,246,False,False,6,6,0,0,0,DEV-00111,1,2458,1.68,
U00113,abuser,71,False,False,5,3,2,2,8,DEV-RING-04,4,1424,4.44,เปลี่ยนใจ ไม่ต้องการแล้ว
U00114,loyal,539,False,False,31,31,0,0,0,DEV-00113,1,845,1.3,
U00115,normal,1267,False,False,13,12,1,1,0,DEV-00114,0,1054,1.73,เปลี่ยนใจ ไม่ต้องการแล้ว
U00116,occasional_refuser,361,True,False,17,16,1,1,0,DEV-00115,1,1905,0.89,ร้านส่งช้ากว่ากำหนด 10 วัน
U00117,normal,568,True,False,22,22,0,0,0,DEV-00116,0,1976,1.73,
U00118,normal,487,True,False,16,15,1,0,1,DEV-00117,0,2110,0.76,สั่งผิด ไม่ได้ตั้งใจสั่ง
U00119,loyal,2400,True,True,39,39,0,0,0,DEV-00118,1,519,0.64,
U00120,normal,1382,True,False,27,26,1,1,0,DEV-00119,1,1892,1.24,เจอที่อื่นถูกกว่า
U00121,normal,1273,True,False,7,6,1,0,0,DEV-00120,1,1647,1.01,ของไม่ตรงปก สีไม่ตรงกับที่สั่ง
U00122,loyal,2059,True,False,28,28,0,0,0,DEV-00121,1,809,0.6,
U00123,loyal,964,True,True,40,40,0,0,0,DEV-00122,0,509,1.36,
U00124,normal,1389,False,True,14,14,0,0,0,DEV-00123,1,2382,1.32,
U00125,normal,873,False,False,7,7,0,0,0,DEV-00124,0,1904,1.14,
U00126,abuser,90,False,False,11,6,5,2,4,DEV-RING-03,6,1470,5.82,เปลี่ยนใจ ไม่ต้องการแล้ว
U00127,new,18,False,True,1,0,1,0,0,DEV-00126,0,2093,1.01,ไม่มีเงินจ่ายตอนของมาส่ง
U00128,new,3,False,True,0,0,0,0,0,DEV-00127,1,614,0.62,
U00129,new,28,False,True,2,2,0,0,0,DEV-00128,0,809,0.93,
U00130,new,9,False,False,2,2,0,0,1,DEV-00129,1,1583,1.44,
U00131,normal,523,False,True,19,19,0,0,0,DEV-00130,0,1417,1.42,
U00132,occasional_refuser,516,True,True,24,22,2,2,0,DEV-00131,0,1190,1.62,เจอที่อื่นถูกกว่า
U00133,normal,981,False,False,24,22,2,2,0,DEV-00132,0,1942,1.61,ของไม่ตรงปก สีไม่ตรงกับที่สั่ง
U00134,normal,972,False,False,15,15,0,0,0,DEV-00133,0,1001,0.91,
U00135,loyal,1240,True,False,57,56,1,0,0,DEV-00134,1,701,0.61,เจอที่อื่นถูกกว่า
U00136,new,5,False,True,1,1,0,0,0,DEV-00135,0,1143,0.83,
U00137,normal,1327,True,False,28,24,4,1,1,DEV-00136,1,1213,1.55,ไม่อยู่บ้าน ติดต่อไม่ได้
U00138,occasional_refuser,187,True,False,16,15,1,0,1,DEV-00137,1,205,1.2,กล่องบุบ สินค้าเสียหาย
U00139,normal,1499,False,True,5,5,0,0,0,DEV-00138,0,1148,0.98,
U00140,loyal,1152,True,False,58,58,0,0,0,DEV-00139,1,1129,1.6,
U00141,normal,421,True,True,23,21,2,0,0,DEV-00140,0,873,0.77,ได้รับสินค้าผิดรุ่น
U00142,loyal,1504,True,True,48,48,0,0,0,DEV-00141,0,944,1.53,
U00143,occasional_refuser,803,True,False,11,10,1,0,0,DEV-00142,0,1144,1.59,เจอที่อื่นถูกกว่า
U00144,new,12,False,True,1,1,0,0,0,DEV-00143,0,1014,1.5,
U00145,loyal,1700,True,True,28,28,0,0,0,DEV-00144,0,562,0.7,
U00146,occasional_refuser,129,True,False,12,9,3,1,1,DEV-00145,1,2442,1.38,เจอที่อื่นถูกกว่า
U00147,occasional_refuser,578,False,False,8,6,2,1,0,DEV-00146,0,2097,0.95,ของไม่ตรงปก สีไม่ตรงกับที่สั่ง
U00148,new,14,True,True,0,0,0,0,1,DEV-00147,1,827,1.18,
U00149,new,13,False,True,0,0,0,0,1,DEV-00148,0,1376,1.06,
U00150,normal,725,True,False,18,17,1,1,0,DEV-00149,0,2123,0.85,ของไม่ตรงปก สีไม่ตรงกับที่สั่ง
U00151,normal,1345,True,False,25,22,3,0,0,DEV-00150,0,653,0.86,ร้านส่งช้ากว่ากำหนด 10 วัน
U00152,loyal,1250,True,False,28,28,0,0,0,DEV-00151,0,902,0.76,
U00153,normal,434,True,False,4,4,0,0,1,DEV-00152,1,225,0.85,
U00154,loyal,2349,True,False,63,63,0,0,0,DEV-00153,0,2412,0.75,
U00155,occasional_refuser,919,False,False,18,16,2,0,0,DEV-00154,1,2302,1.08,ไม่อยู่บ้าน ติดต่อไม่ได้
U00156,loyal,2086,True,True,67,67,0,0,0,DEV-00155,1,2042,1.77,
U00157,normal,650,True,False,15,15,0,0,0,DEV-00156,0,1534,0.72,
U00158,normal,1030,False,True,14,14,0,0,0,DEV-00157,1,1966,1.72,
U00159,normal,554,False,True,29,28,1,0,0,DEV-00158,1,372,1.27,เจอที่อื่นถูกกว่า
U00160,loyal,1433,True,False,62,62,0,0,0,DEV-00159,1,754,1.28,
U00161,occasional_refuser,1166,False,False,23,22,1,0,1,DEV-00160,1,1510,0.66,ได้รับสินค้าผิดรุ่น
U00162,loyal,1681,True,False,17,17,0,0,0,DEV-00161,0,2152,0.63,
U00163,normal,376,False,True,15,15,0,0,1,DEV-00162,0,2149,1.65,
U00164,normal,886,True,False,21,20,1,1,0,DEV-00163,1,590,1.24,ของไม่ตรงปก สีไม่ตรงกับที่สั่ง
U00165,normal,1446,True,False,26,25,1,1,0,DEV-00164,1,2288,1.18,ได้รับสินค้าผิดรุ่น
U00166,normal,689,False,True,6,6,0,0,0,DEV-00165,1,863,1.61,
U00167,occasional_refuser,135,True,True,5,2,3,2,1,DEV-00166,1,1603,1.43,ไม่มีเงินจ่ายตอนของมาส่ง
U00168,loyal,1605,True,True,45,45,0,0,0,DEV-00167,0,958,0.77,
U00169,loyal,1458,True,True,76,76,0,0,0,DEV-00168,1,1681,1.77,
U00170,occasional_refuser,1067,True,False,17,15,2,2,0,DEV-00169,1,244,0.64,เปลี่ยนใจ ไม่ต้องการแล้ว
U00171,new,16,False,False,0,0,0,0,0,DEV-00170,0,2292,1.72,
U00172,loyal,615,True,False,15,15,0,0,0,DEV-00171,1,1813,1.7,
U00173,normal,650,True,True,29,26,3,3,0,DEV-00172,1,2188,0.83,ไม่อยู่บ้าน ติดต่อไม่ได้
U00174,new,16,False,True,2,1,1,0,0,DEV-00173,1,2418,0.75,ได้รับสินค้าผิดรุ่น
U00175,abuser,108,False,False,11,6,5,0,5,DEV-RING-00,5,331,3.85,สั่งผิด ไม่ได้ตั้งใจสั่ง
U00176,new,22,False,False,1,0,1,1,0,DEV-00175,0,1051,0.79,ไม่อยู่บ้าน ติดต่อไม่ได้
U00177,abuser,63,False,False,17,7,10,1,6,DEV-RING-04,3,2294,3.04,ไม่อยู่บ้าน ติดต่อไม่ได้
U00178,normal,1020,False,False,19,19,0,0,1,DEV-00177,1,449,1.64,
U00179,loyal,1107,False,False,45,45,0,0,0,DEV-00178,0,440,1.05,
U00180,loyal,1518,True,False,55,54,1,1,0,DEV-00179,0,1830,1.12,เปลี่ยนใจ ไม่ต้องการแล้ว
U00181,loyal,2364,True,True,68,68,0,0,0,DEV-00180,0,800,1.21,
U00182,normal,1492,True,True,16,16,0,0,0,DEV-00181,1,1648,1.31,
U00183,loyal,1641,False,False,78,77,1,1,0,DEV-00182,1,1987,1.17,เจอที่อื่นถูกกว่า
U00184,normal,733,False,False,20,18,2,2,0,DEV-00183,0,1557,1.4,ร้านส่งช้ากว่ากำหนด 10 วัน
U00185,occasional_refuser,544,False,True,12,10,2,1,0,DEV-00184,0,1028,0.86,ร้านส่งช้ากว่ากำหนด 10 วัน
U00186,new,19,True,False,0,0,0,0,1,DEV-00185,1,512,0.73,
U00187,loyal,1208,False,False,33,33,0,0,0,DEV-00186,1,561,1.51,
U00188,normal,1200,True,False,15,15,0,0,0,DEV-00187,0,2098,0.75,
U00189,loyal,1870,True,False,42,41,1,0,0,DEV-00188,0,948,1.58,สั่งผิด ไม่ได้ตั้งใจสั่ง
U00190,loyal,1135,True,True,30,30,0,0,0,DEV-00189,0,581,1.5,
U00191,loyal,947,True,False,15,15,0,0,0,DEV-00190,0,288,0.88,
U00192,normal,1401,False,False,19,17,2,2,0,DEV-00191,0,1233,1.34,ได้รับสินค้าผิดรุ่น
U00193,loyal,1881,True,False,16,16,0,0,0,DEV-00192,1,1447,1.09,
U00194,occasional_refuser,1188,False,False,7,4,3,3,0,DEV-00193,0,888,1.62,กล่องบุบ สินค้าเสียหาย
U00195,normal,1146,False,True,10,10,0,0,0,DEV-00194,0,656,1.27,
U00196,loyal,727,True,True,63,61,2,2,0,DEV-00195,0,680,1.6,ของไม่ตรงปก สีไม่ตรงกับที่สั่ง
U00197,normal,1234,False,True,27,27,0,0,1,DEV-00196,1,799,1.58,
U00198,abuser,68,False,False,8,6,2,2,5,DEV-RING-05,6,2126,3.39,ไม่มีเงินจ่ายตอนของมาส่ง
U00199,loyal,819,True,False,52,49,3,3,0,DEV-00198,0,479,0.85,สั่งผิด ไม่ได้ตั้งใจสั่ง
U00200,new,12,True,True,0,0,0,0,0,DEV-00199,0,1276,0.83,
U00201,occasional_refuser,660,False,True,17,14,3,3,1,DEV-00200,1,1865,1.09,เปลี่ยนใจ ไม่ต้องการแล้ว
U00202,new,29,False,True,0,0,0,0,0,DEV-00201,0,709,0.82,
U00203,new,9,False,True,0,0,0,0,1,DEV-00202,0,748,0.92,
U00204,loyal,415,True,True,76,76,0,0,0,DEV-00203,0,232,1.62,
U00205,loyal,2044,True,True,56,55,1,1,0,DEV-00204,1,268,1.7,ของไม่ตรงปก สีไม่ตรงกับที่สั่ง
U00206,occasional_refuser,677,False,False,11,10,1,1,1,DEV-00205,1,1186,0.75,ของไม่ตรงปก สีไม่ตรงกับที่สั่ง
U00207,occasional_refuser,273,False,True,15,12,3,0,1,DEV-00206,0,1331,1.5,สั่งผิด ไม่ได้ตั้งใจสั่ง
U00208,normal,802,False,False,18,18,0,0,1,DEV-00207,1,830,0.9,
U00209,normal,1045,False,True,24,22,2,2,0,DEV-00208,0,1649,1.47,ของไม่ตรงปก สีไม่ตรงกับที่สั่ง
U00210,normal,190,True,False,29,29,0,0,0,DEV-00209,1,1561,0.94,
U00211,abuser,47,False,False,11,5,6,6,4,DEV-RING-06,6,207,3.68,ไม่มีเงินจ่ายตอนของมาส่ง
U00212,loyal,2324,True,True,61,60,1,1,0,DEV-00211,1,1081,0.67,เจอที่อื่นถูกกว่า
U00213,abuser,104,False,False,4,2,2,0,6,DEV-RING-01,4,1398,5.53,เปลี่ยนใจ ไม่ต้องการแล้ว
U00214,new,24,True,False,0,0,0,0,0,DEV-00213,0,403,1.75,
U00215,new,19,False,True,2,2,0,0,0,DEV-00214,0,2236,1.37,
U00216,occasional_refuser,126,True,True,11,8,3,3,1,DEV-00215,1,547,1.77,กล่องบุบ สินค้าเสียหาย
U00217,loyal,649,True,True,20,20,0,0,0,DEV-00216,0,461,1.79,
U00218,occasional_refuser,897,False,False,16,15,1,1,1,DEV-00217,0,1201,1.66,ร้านส่งช้ากว่ากำหนด 10 วัน
U00219,normal,326,False,True,15,15,0,0,1,DEV-00218,0,2028,0.78,
U00220,normal,1277,True,False,28,26,2,0,0,DEV-00219,1,2288,1.52,ไม่มีเงินจ่ายตอนของมาส่ง
U00221,normal,1478,True,False,18,18,0,0,0,DEV-00220,1,2323,1.33,
U00222,new,4,True,True,1,1,0,0,1,DEV-00221,0,353,1.14,
U00223,loyal,1070,True,True,43,42,1,1,0,DEV-00222,1,1323,1.6,ไม่อยู่บ้าน ติดต่อไม่ได้
U00224,normal,1107,True,True,28,27,1,1,0,DEV-00223,0,1359,1.49,ไม่มีเงินจ่ายตอนของมาส่ง
U00225,normal,1389,True,True,18,16,2,0,0,DEV-00224,1,1165,0.82,ไม่อยู่บ้าน ติดต่อไม่ได้
U00226,new,16,False,True,2,2,0,0,1,DEV-00225,0,1094,1.73,
U00227,normal,973,False,False,13,13,0,0,0,DEV-00226,1,1325,0.88,
U00228,new,15,True,False,2,0,2,2,1,DEV-00227,1,170,0.9,เปลี่ยนใจ ไม่ต้องการแล้ว
U00229,normal,1486,False,True,12,11,1,1,0,DEV-00228,1,1183,0.84,ไม่มีเงินจ่ายตอนของมาส่ง
U00230,abuser,55,False,False,19,7,12,7,8,DEV-RING-01,4,1502,3.44,ไม่มีเงินจ่ายตอนของมาส่ง
U00231,normal,987,True,True,21,21,0,0,0,DEV-00230,1,2148,0.75,
U00232,normal,169,True,False,9,8,1,1,0,DEV-00231,0,1765,0.98,ไม่อยู่บ้าน ติดต่อไม่ได้
U00233,loyal,503,True,False,75,75,0,0,0,DEV-00232,1,687,0.79,
U00234,normal,717,False,True,13,12,1,1,0,DEV-00233,1,502,0.61,สั่งผิด ไม่ได้ตั้งใจสั่ง
U00235,loyal,2090,True,True,57,56,1,0,0,DEV-00234,1,995,1.74,สั่งผิด ไม่ได้ตั้งใจสั่ง
U00236,loyal,1931,True,True,17,17,0,0,0,DEV-00235,1,1663,0.62,
U00237,normal,980,False,True,23,21,2,0,0,DEV-00236,0,2182,1.17,ของไม่ตรงปก สีไม่ตรงกับที่สั่ง
U00238,normal,405,False,True,7,7,0,0,0,DEV-00237,1,2334,1.71,
U00239,loyal,1013,True,False,75,73,2,2,0,DEV-00238,0,1443,1.52,ของไม่ตรงปก สีไม่ตรงกับที่สั่ง
U00240,loyal,507,True,False,70,69,1,0,0,DEV-00239,1,326,1.1,กล่องบุบ สินค้าเสียหาย
U00241,new,6,False,False,2,2,0,0,0,DEV-00240,0,204,1.76,
U00242,loyal,1152,False,True,39,39,0,0,0,DEV-00241,0,2375,1.48,
U00243,normal,1301,False,True,8,8,0,0,1,DEV-00242,0,1778,1.71,
U00244,abuser,66,False,False,6,3,3,1,3,DEV-RING-01,3,1351,3.69,สั่งผิด ไม่ได้ตั้งใจสั่ง
U00245,occasional_refuser,441,False,True,19,17,2,1,0,DEV-00244,1,1770,1.74,ร้านส่งช้ากว่ากำหนด 10 วัน
U00246,loyal,1409,True,True,32,32,0,0,0,DEV-00245,0,643,0.94,
U00247,normal,711,True,True,17,17,0,0,0,DEV-00246,0,1680,1.34,
U00248,loyal,1247,True,False,15,15,0,0,0,DEV-00247,0,1037,1.07,
U00249,normal,379,True,True,19,19,0,0,1,DEV-00248,0,378,1.11,
U00250,abuser,94,False,False,9,6,3,1,4,DEV-RING-07,6,2455,3.5,ไม่มีเงินจ่ายตอนของมาส่ง
U00251,loyal,1147,True,False,43,43,0,0,0,DEV-00250,0,188,1.0,
U00252,normal,235,True,True,25,25,0,0,0,DEV-00251,1,637,1.17,
U00253,abuser,9,False,False,19,12,7,7,3,DEV-RING-07,6,758,3.98,ของไม่ตรงปก สีไม่ตรงกับที่สั่ง
U00254,normal,1113,True,False,26,25,1,0,0,DEV-00253,0,1810,1.07,เจอที่อื่นถูกกว่า
U00255,loyal,1008,True,False,41,41,0,0,0,DEV-00254,0,1025,0.82,
U00256,normal,461,True,True,13,12,1,1,0,DEV-00255,0,2265,1.03,ของไม่ตรงปก สีไม่ตรงกับที่สั่ง
U00257,normal,1135,True,True,4,4,0,0,1,DEV-00256,0,847,1.5,
U00258,abuser,97,False,False,7,4,3,0,5,DEV-RING-04,6,1403,5.97,ไม่มีเงินจ่ายตอนของมาส่ง
U00259,loyal,1324,False,True,54,54,0,0,0,DEV-00258,1,404,0.92,
U00260,loyal,1081,True,True,32,32,0,0,0,DEV-00259,0,1055,0.83,
U00261,normal,571,True,False,11,11,0,0,0,DEV-00260,0,975,1.51,
U00262,normal,1399,False,False,24,24,0,0,0,DEV-00261,0,2254,1.52,
U00263,normal,261,True,False,23,21,2,0,0,DEV-00262,0,799,0.71,ได้รับสินค้าผิดรุ่น
U00264,loyal,1766,True,True,58,57,1,1,0,DEV-00263,0,2151,1.63,ไม่มีเงินจ่ายตอนของมาส่ง
U00265,normal,149,True,True,15,15,0,0,0,DEV-00264,1,2250,1.66,
U00266,normal,1157,True,True,11,11,0,0,0,DEV-00265,0,1951,1.2,
U00267,normal,586,True,False,17,16,1,1,0,DEV-00266,0,483,1.76,ร้านส่งช้ากว่ากำหนด 10 วัน
U00268,normal,877,True,False,7,6,1,0,0,DEV-00267,1,761,1.72,เปลี่ยนใจ ไม่ต้องการแล้ว
U00269,normal,172,True,False,7,7,0,0,1,DEV-00268,0,428,0.91,
U00270,abuser,33,False,False,18,11,7,3,4,DEV-RING-05,2,1845,4.56,สั่งผิด ไม่ได้ตั้งใจสั่ง
U00271,normal,1499,False,True,11,11,0,0,1,DEV-00270,1,2334,0.71,
U00272,abuser,43,False,False,9,5,4,4,5,DEV-RING-03,5,1589,3.96,สั่งผิด ไม่ได้ตั้งใจสั่ง
U00273,loyal,508,True,False,22,22,0,0,0,DEV-00272,1,2238,0.71,
U00274,occasional_refuser,913,True,True,14,13,1,0,1,DEV-00273,0,1426,1.24,เปลี่ยนใจ ไม่ต้องการแล้ว
U00275,normal,448,False,True,8,8,0,0,0,DEV-00274,1,1404,1.07,
U00276,new,1,False,False,1,1,0,0,0,DEV-00275,1,976,1.69,
U00277,normal,172,True,False,29,25,4,0,0,DEV-00276,0,1343,0.71,ของไม่ตรงปก สีไม่ตรงกับที่สั่ง
U00278,new,25,False,False,2,2,0,0,0,DEV-00277,1,255,1.61,
U00279,normal,141,False,False,22,20,2,1,0,DEV-00278,0,630,1.1,เจอที่อื่นถูกกว่า
U00280,loyal,1421,True,False,72,71,1,1,0,DEV-00279,0,872,0.95,ของไม่ตรงปก สีไม่ตรงกับที่สั่ง
U00281,normal,1068,True,False,4,4,0,0,1,DEV-00280,0,885,1.48,
U00282,normal,1156,True,True,9,9,0,0,0,DEV-00281,0,1555,1.23,
U00283,occasional_refuser,764,True,True,24,21,3,1,0,DEV-00282,0,1945,0.82,ไม่อยู่บ้าน ติดต่อไม่ได้
U00284,normal,957,True,True,27,27,0,0,0,DEV-00283,0,1083,0.7,
U00285,loyal,2470,True,True,22,22,0,0,0,DEV-00284,0,884,1.3,
U00286,loyal,2130,False,True,62,61,1,0,0,DEV-00285,0,1789,1.04,ร้านส่งช้ากว่ากำหนด 10 วัน
U00287,new,3,True,False,2,2,0,0,0,DEV-00286,0,358,1.64,
U00288,loyal,2261,True,True,18,17,1,1,0,DEV-00287,0,1326,1.26,เปลี่ยนใจ ไม่ต้องการแล้ว
U00289,abuser,49,True,False,6,3,3,2,7,DEV-RING-06,3,2094,4.17,ไม่อยู่บ้าน ติดต่อไม่ได้
U00290,normal,680,True,True,12,12,0,0,0,DEV-00289,1,1007,0.97,
U00291,loyal,2086,True,True,71,70,1,0,0,DEV-00290,1,170,1.43,ของไม่ตรงปก สีไม่ตรงกับที่สั่ง
U00292,loyal,995,True,False,64,61,3,2,0,DEV-00291,1,994,1.5,เจอที่อื่นถูกกว่า
U00293,loyal,1018,True,False,53,50,3,2,0,DEV-00292,0,2011,0.83,เปลี่ยนใจ ไม่ต้องการแล้ว
U00294,new,14,True,True,2,2,0,0,0,DEV-00293,1,1405,0.96,
U00295,new,28,False,True,2,2,0,0,1,DEV-00294,0,706,1.18,
U00296,normal,283,True,False,4,3,1,1,0,DEV-00295,1,399,1.52,ไม่อยู่บ้าน ติดต่อไม่ได้
U00297,new,2,False,False,2,2,0,0,0,DEV-00296,0,907,1.46,
U00298,new,6,False,False,2,2,0,0,0,DEV-00297,0,1321,1.51,
U00299,loyal,707,True,True,59,59,0,0,0,DEV-00298,1,2148,0.66,
U00300,normal,911,False,False,12,11,1,1,0,DEV-00299,1,387,1.55,ได้รับสินค้าผิดรุ่น
U00301,normal,1280,False,False,17,15,2,2,0,DEV-00300,1,1042,1.31,ไม่อยู่บ้าน ติดต่อไม่ได้
U00302,normal,926,False,True,10,10,0,0,0,DEV-00301,0,1015,1.47,
U00303,loyal,2036,True,True,24,24,0,0,0,DEV-00302,1,701,1.73,
U00304,loyal,847,True,False,36,35,1,0,0,DEV-00303,1,2403,1.53,กล่องบุบ สินค้าเสียหาย
U00305,normal,361,False,False,4,3,1,1,0,DEV-00304,0,614,1.26,สั่งผิด ไม่ได้ตั้งใจสั่ง
U00306,new,1,True,True,2,1,1,1,1,DEV-00305,1,1659,0.66,กล่องบุบ สินค้าเสียหาย
U00307,normal,1052,True,True,14,14,0,0,0,DEV-00306,0,199,1.6,
U00308,normal,409,True,False,29,29,0,0,0,DEV-00307,0,2293,1.04,
U00309,loyal,2420,True,False,74,72,2,1,0,DEV-00308,1,188,1.36,กล่องบุบ สินค้าเสียหาย
U00310,abuser,109,False,False,13,9,4,2,7,DEV-RING-04,3,2101,2.54,เปลี่ยนใจ ไม่ต้องการแล้ว
U00311,normal,442,True,True,26,23,3,2,0,DEV-00310,0,1662,0.98,สั่งผิด ไม่ได้ตั้งใจสั่ง
U00312,abuser,41,True,False,8,5,3,0,7,DEV-RING-04,5,421,3.42,เจอที่อื่นถูกกว่า
U00313,normal,1142,True,False,21,21,0,0,0,DEV-00312,0,2489,0.72,
U00314,loyal,1771,True,False,51,50,1,1,0,DEV-00313,1,437,1.25,ร้านส่งช้ากว่ากำหนด 10 วัน
U00315,abuser,47,False,False,4,2,2,2,5,DEV-RING-02,3,540,3.18,ไม่อยู่บ้าน ติดต่อไม่ได้
U00316,normal,212,False,False,13,12,1,0,1,DEV-00315,0,1020,0.75,ไม่มีเงินจ่ายตอนของมาส่ง
U00317,abuser,50,False,True,13,5,8,0,8,DEV-RING-01,4,1593,4.1,ไม่มีเงินจ่ายตอนของมาส่ง
U00318,loyal,2044,False,True,58,58,0,0,0,DEV-00317,0,1966,1.58,
U00319,normal,280,False,False,16,16,0,0,0,DEV-00318,1,2287,1.68,
U00320,loyal,2413,True,True,52,52,0,0,0,DEV-00319,1,290,1.27,
U00321,loyal,981,False,True,79,78,1,0,0,DEV-00320,0,1595,1.36,ไม่อยู่บ้าน ติดต่อไม่ได้
U00322,occasional_refuser,298,False,True,12,11,1,1,1,DEV-00321,1,947,1.29,ได้รับสินค้าผิดรุ่น
U00323,new,22,False,True,0,0,0,0,0,DEV-00322,0,2062,1.79,
U00324,new,2,False,False,1,0,1,1,0,DEV-00323,0,2294,0.73,สั่งผิด ไม่ได้ตั้งใจสั่ง
U00325,loyal,1206,False,True,26,25,1,0,0,DEV-00324,1,1482,0.68,ร้านส่งช้ากว่ากำหนด 10 วัน
U00326,normal,720,True,True,16,15,1,1,0,DEV-00325,1,2031,1.17,กล่องบุบ สินค้าเสียหาย
U00327,occasional_refuser,371,True,True,8,7,1,1,1,DEV-00326,0,1351,1.49,ไม่มีเงินจ่ายตอนของมาส่ง
U00328,abuser,48,False,True,10,7,3,3,8,DEV-RING-07,3,2349,5.56,เจอที่อื่นถูกกว่า
U00329,new,26,False,True,2,2,0,0,0,DEV-00328,1,2247,1.45,
U00330,loyal,1117,False,True,26,26,0,0,0,DEV-00329,1,477,0.9,
U00331,occasional_refuser,1156,False,False,9,8,1,1,1,DEV-00330,0,984,0.61,กล่องบุบ สินค้าเสียหาย
U00332,normal,694,False,False,7,7,0,0,0,DEV-00331,0,2262,1.07,
U00333,normal,93,True,True,8,8,0,0,0,DEV-00332,0,1394,1.15,
U00334,new,3,False,True,1,1,0,0,0,DEV-00333,0,1263,1.52,
U00335,loyal,2036,True,False,65,65,0,0,0,DEV-00334,0,1401,0.87,
U00336,loyal,2152,False,True,51,50,1,0,0,DEV-00335,1,1915,1.44,ได้รับสินค้าผิดรุ่น
U00337,loyal,2327,False,False,53,53,0,0,0,DEV-00336,0,280,1.13,
U00338,abuser,101,False,False,8,6,2,1,4,DEV-RING-05,4,1358,2.67,เจอที่อื่นถูกกว่า
U00339,normal,834,True,True,6,6,0,0,0,DEV-00338,1,1940,1.02,
U00340,new,21,False,False,2,1,1,1,0,DEV-00339,1,2139,1.6,สั่งผิด ไม่ได้ตั้งใจสั่ง
U00341,normal,834,False,True,19,19,0,0,1,DEV-00340,1,1580,1.8,
U00342,normal,176,True,True,19,19,0,0,0,DEV-00341,1,539,1.48,
U00343,loyal,794,True,False,71,70,1,0,0,DEV-00342,0,1171,0.63,กล่องบุบ สินค้าเสียหาย
U00344,abuser,91,True,False,8,4,4,3,7,DEV-RING-01,3,2101,5.85,ได้รับสินค้าผิดรุ่น
U00345,new,24,False,False,0,0,0,0,0,DEV-00344,1,1757,1.16,
U00346,normal,1434,True,True,20,20,0,0,0,DEV-00345,0,1428,1.54,
U00347,loyal,1300,True,True,64,63,1,1,0,DEV-00346,0,801,0.68,ของไม่ตรงปก สีไม่ตรงกับที่สั่ง
U00348,occasional_refuser,551,False,False,13,12,1,0,0,DEV-00347,0,2452,1.39,เจอที่อื่นถูกกว่า
U00349,normal,674,True,True,8,8,0,0,0,DEV-00348,1,1458,0.75,
U00350,abuser,29,False,True,4,2,2,2,8,DEV-RING-01,2,795,2.57,สั่งผิด ไม่ได้ตั้งใจสั่ง
U00351,normal,555,True,True,17,17,0,0,0,DEV-00350,0,1253,1.26,
U00352,loyal,1535,True,False,41,39,2,1,0,DEV-00351,1,1666,0.75,ไม่อยู่บ้าน ติดต่อไม่ได้
U00353,abuser,74,False,False,15,10,5,2,5,DEV-RING-07,3,500,4.68,เปลี่ยนใจ ไม่ต้องการแล้ว
U00354,abuser,59,False,False,10,5,5,3,6,DEV-RING-06,2,1364,2.7,ร้านส่งช้ากว่ากำหนด 10 วัน
U00355,new,16,True,False,0,0,0,0,0,DEV-00354,1,231,0.89,
U00356,new,23,True,False,2,2,0,0,0,DEV-00355,1,750,0.67,
U00357,normal,1054,True,False,15,14,1,1,0,DEV-00356,1,1258,0.85,กล่องบุบ สินค้าเสียหาย
U00358,normal,1093,True,False,5,5,0,0,0,DEV-00357,1,2476,0.87,
U00359,normal,327,False,False,23,23,0,0,0,DEV-00358,1,510,1.75,
U00360,new,6,False,True,0,0,0,0,1,DEV-00359,1,1382,1.0,
U00361,loyal,390,False,True,59,58,1,1,0,DEV-00360,1,945,0.72,ได้รับสินค้าผิดรุ่น
U00362,normal,541,True,True,7,7,0,0,0,DEV-00361,0,2336,1.38,
U00363,normal,654,False,True,25,24,1,1,0,DEV-00362,0,1837,1.65,กล่องบุบ สินค้าเสียหาย
U00364,loyal,1659,True,False,63,63,0,0,0,DEV-00363,0,1570,0.79,
U00365,occasional_refuser,961,False,True,7,6,1,1,1,DEV-00364,1,1919,1.17,กล่องบุบ สินค้าเสียหาย
U00366,occasional_refuser,171,True,False,17,15,2,1,0,DEV-00365,0,929,0.7,กล่องบุบ สินค้าเสียหาย
U00367,new,3,False,False,0,0,0,0,0,DEV-00366,1,804,1.51,
U00368,new,23,False,False,2,2,0,0,0,DEV-00367,0,1542,1.07,
U00369,normal,758,True,False,7,7,0,0,0,DEV-00368,1,1038,1.63,
U00370,new,11,True,False,0,0,0,0,0,DEV-00369,0,1836,1.78,
U00371,loyal,1683,True,False,34,34,0,0,0,DEV-00370,0,1195,1.71,
U00372,new,13,False,False,0,0,0,0,1,DEV-00371,1,734,1.37,
U00373,occasional_refuser,616,False,True,6,3,3,2,1,DEV-00372,1,656,1.34,สั่งผิด ไม่ได้ตั้งใจสั่ง
U00374,normal,414,True,True,19,19,0,0,0,DEV-00373,1,2297,1.05,
U00375,loyal,1239,True,False,24,24,0,0,0,DEV-00374,1,1417,1.76,
U00376,occasional_refuser,884,True,True,5,2,3,0,0,DEV-00375,0,736,1.33,ไม่มีเงินจ่ายตอนของมาส่ง
U00377,new,20,True,True,2,2,0,0,1,DEV-00376,1,2309,1.14,
U00378,occasional_refuser,253,False,True,23,22,1,0,1,DEV-00377,1,755,1.16,เปลี่ยนใจ ไม่ต้องการแล้ว
U00379,loyal,2368,False,False,76,76,0,0,0,DEV-00378,0,1738,1.51,
U00380,normal,1091,False,False,20,20,0,0,0,DEV-00379,0,1549,0.91,
U00381,normal,1015,False,True,15,15,0,0,0,DEV-00380,1,531,0.92,
U00382,normal,1221,True,True,11,11,0,0,0,DEV-00381,0,1617,1.25,
U00383,abuser,83,False,False,5,3,2,2,5,DEV-RING-04,6,1472,2.84,เปลี่ยนใจ ไม่ต้องการแล้ว
U00384,new,2,False,False,0,0,0,0,0,DEV-00383,0,299,0.81,
U00385,occasional_refuser,522,False,False,17,16,1,0,1,DEV-00384,0,981,1.63,เปลี่ยนใจ ไม่ต้องการแล้ว
U00386,loyal,1210,True,False,27,27,0,0,0,DEV-00385,0,883,0.67,
U00387,abuser,17,False,False,19,7,12,1,3,DEV-RING-04,2,2035,4.6,เปลี่ยนใจ ไม่ต้องการแล้ว
U00388,abuser,73,False,False,14,7,7,5,6,DEV-RING-02,5,160,4.87,เจอที่อื่นถูกกว่า
U00389,normal,971,True,True,28,28,0,0,1,DEV-00388,0,2357,0.67,
U00390,occasional_refuser,888,True,False,7,6,1,0,0,DEV-00389,1,1935,0.63,ของไม่ตรงปก สีไม่ตรงกับที่สั่ง
U00391,normal,637,False,False,18,18,0,0,0,DEV-00390,1,2304,1.51,
U00392,normal,830,True,True,28,27,1,0,0,DEV-00391,1,2430,0.73,ไม่อยู่บ้าน ติดต่อไม่ได้
U00393,normal,1204,True,True,21,20,1,0,0,DEV-00392,1,2057,0.62,ไม่อยู่บ้าน ติดต่อไม่ได้
U00394,new,9,False,False,2,2,0,0,1,DEV-00393,1,963,0.83,
U00395,normal,771,True,True,9,9,0,0,0,DEV-00394,0,2392,0.8,
U00396,normal,432,False,True,12,12,0,0,1,DEV-00395,1,460,1.7,
U00397,normal,251,False,True,11,10,1,1,0,DEV-00396,1,1299,1.17,กล่องบุบ สินค้าเสียหาย
U00398,loyal,954,True,True,67,67,0,0,0,DEV-00397,0,336,1.28,
U00399,new,9,False,True,0,0,0,0,1,DEV-00398,0,2449,0.87,
U00400,abuser,92,False,False,9,6,3,2,4,DEV-RING-06,2,1286,4.75,สั่งผิด ไม่ได้ตั้งใจสั่ง
U00401,normal,290,False,True,11,11,0,0,0,DEV-00400,0,526,0.93,
U00402,normal,358,True,True,3,3,0,0,0,DEV-00401,1,1843,1.12,
U00403,normal,859,False,True,16,16,0,0,0,DEV-00402,1,460,1.2,
U00404,abuser,6,False,True,11,7,4,1,8,DEV-RING-00,4,1559,5.02,เจอที่อื่นถูกกว่า
U00405,loyal,612,True,False,75,73,2,0,0,DEV-00404,1,389,1.34,สั่งผิด ไม่ได้ตั้งใจสั่ง
U00406,loyal,2055,True,False,35,35,0,0,0,DEV-00405,1,1570,1.45,
U00407,occasional_refuser,1122,False,True,13,12,1,0,1,DEV-00406,0,720,0.87,ร้านส่งช้ากว่ากำหนด 10 วัน
U00408,normal,354,False,True,12,12,0,0,1,DEV-00407,0,1893,1.22,
U00409,loyal,2119,True,False,27,27,0,0,0,DEV-00408,0,2223,1.55,
U00410,normal,1181,True,True,27,27,0,0,0,DEV-00409,0,987,0.99,
U00411,normal,1408,False,False,15,14,1,0,1,DEV-00410,0,1769,1.02,ร้านส่งช้ากว่ากำหนด 10 วัน
U00412,new,10,True,False,0,0,0,0,0,DEV-00411,1,235,1.13,
U00413,occasional_refuser,73,True,False,8,6,2,1,1,DEV-00412,0,823,0.61,กล่องบุบ สินค้าเสียหาย
U00414,occasional_refuser,610,True,True,23,21,2,2,1,DEV-00413,0,781,1.42,เจอที่อื่นถูกกว่า
U00415,loyal,1212,True,True,60,58,2,0,0,DEV-00414,0,1776,1.49,ได้รับสินค้าผิดรุ่น
U00416,normal,1290,True,False,4,4,0,0,0,DEV-00415,1,1118,1.65,
U00417,normal,817,False,True,26,26,0,0,0,DEV-00416,1,277,0.76,
U00418,normal,960,False,False,9,9,0,0,0,DEV-00417,0,1323,1.62,
U00419,new,10,True,True,0,0,0,0,0,DEV-00418,1,2214,1.23,
U00420,abuser,53,False,False,17,8,9,0,6,DEV-RING-07,3,1191,5.95,ไม่มีเงินจ่ายตอนของมาส่ง
U00421,loyal,1053,True,True,53,53,0,0,0,DEV-00420,1,389,0.65,
U00422,normal,1329,True,False,3,3,0,0,0,DEV-00421,1,1464,1.59,
U00423,loyal,429,True,False,17,15,2,0,0,DEV-00422,0,1210,1.73,ของไม่ตรงปก สีไม่ตรงกับที่สั่ง
U00424,new,11,True,False,0,0,0,0,1,DEV-00423,1,1064,1.55,
U00425,normal,514,True,True,24,23,1,1,1,DEV-00424,1,2092,1.26,เปลี่ยนใจ ไม่ต้องการแล้ว
U00426,occasional_refuser,257,True,False,23,22,1,1,1,DEV-00425,0,1911,1.45,ได้รับสินค้าผิดรุ่น
U00427,new,9,False,False,2,2,0,0,0,DEV-00426,1,1394,0.6,
U00428,loyal,1667,True,True,52,51,1,1,0,DEV-00427,1,1054,1.07,ได้รับสินค้าผิดรุ่น
U00429,normal,90,True,False,29,28,1,0,0,DEV-00428,1,1812,1.57,ร้านส่งช้ากว่ากำหนด 10 วัน
U00430,abuser,31,False,False,19,10,9,5,8,DEV-RING-04,4,1583,4.63,ไม่อยู่บ้าน ติดต่อไม่ได้
U00431,loyal,2218,True,True,53,53,0,0,0,DEV-00430,0,1039,0.73,
U00432,normal,1271,True,False,16,16,0,0,0,DEV-00431,0,2019,0.8,
U00433,loyal,1886,True,True,53,53,0,0,0,DEV-00432,1,2231,1.67,
U00434,loyal,657,True,True,36,36,0,0,0,DEV-00433,0,2152,1.8,
U00435,occasional_refuser,797,False,False,16,15,1,0,0,DEV-00434,1,1613,0.95,ได้รับสินค้าผิดรุ่น
U00436,normal,825,False,False,22,21,1,0,1,DEV-00435,0,1478,1.77,ของไม่ตรงปก สีไม่ตรงกับที่สั่ง
U00437,normal,1270,True,True,7,7,0,0,1,DEV-00436,1,1059,1.13,
U00438,occasional_refuser,541,True,False,10,7,3,1,1,DEV-00437,0,2300,1.52,กล่องบุบ สินค้าเสียหาย
U00439,occasional_refuser,1191,False,False,12,11,1,0,0,DEV-00438,0,353,0.95,ของไม่ตรงปก สีไม่ตรงกับที่สั่ง
U00440,loyal,1380,False,True,79,77,2,0,0,DEV-00439,0,1327,1.74,ไม่มีเงินจ่ายตอนของมาส่ง
U00441,loyal,1304,True,True,75,75,0,0,0,DEV-00440,0,680,0.9,
U00442,new,12,False,False,0,0,0,0,0,DEV-00441,1,1186,1.32,
U00443,loyal,1145,True,False,69,67,2,1,0,DEV-00442,1,951,0.93,เปลี่ยนใจ ไม่ต้องการแล้ว
U00444,occasional_refuser,699,False,False,9,6,3,3,0,DEV-00443,0,1260,0.73,ของไม่ตรงปก สีไม่ตรงกับที่สั่ง
U00445,loyal,1622,True,True,51,51,0,0,0,DEV-00444,1,1826,1.24,
U00446,occasional_refuser,94,True,True,18,17,1,0,1,DEV-00445,1,1942,1.02,ไม่มีเงินจ่ายตอนของมาส่ง
U00447,loyal,999,True,True,74,74,0,0,0,DEV-00446,0,2239,0.7,
U00448,occasional_refuser,535,True,True,15,14,1,0,1,DEV-00447,0,948,1.67,ได้รับสินค้าผิดรุ่น
U00449,loyal,815,True,True,78,77,1,1,0,DEV-00448,1,1992,1.33,เปลี่ยนใจ ไม่ต้องการแล้ว
U00450,normal,1328,True,True,27,27,0,0,0,DEV-00449,1,1150,1.49,
U00451,normal,217,True,True,7,7,0,0,0,DEV-00450,1,1761,1.34,
U00452,normal,144,False,True,19,18,1,0,0,DEV-00451,0,1160,1.11,สั่งผิด ไม่ได้ตั้งใจสั่ง
U00453,occasional_refuser,159,False,False,9,7,2,0,1,DEV-00452,1,1181,0.67,ไม่มีเงินจ่ายตอนของมาส่ง
U00454,new,21,False,False,2,2,0,0,0,DEV-00453,1,1046,1.62,
U00455,occasional_refuser,892,True,True,21,18,3,2,0,DEV-00454,1,1979,1.22,กล่องบุบ สินค้าเสียหาย
U00456,abuser,96,False,False,13,8,5,3,3,DEV-RING-04,6,543,5.78,ได้รับสินค้าผิดรุ่น
U00457,abuser,28,False,False,8,5,3,0,7,DEV-RING-06,4,184,4.04,สั่งผิด ไม่ได้ตั้งใจสั่ง
U00458,new,3,False,True,0,0,0,0,0,DEV-00457,1,349,0.97,
U00459,normal,1158,True,False,15,14,1,0,0,DEV-00458,0,505,0.91,เปลี่ยนใจ ไม่ต้องการแล้ว
U00460,normal,1483,True,True,13,13,0,0,0,DEV-00459,0,941,1.55,
U00461,new,9,False,True,1,0,1,0,0,DEV-00460,1,1603,1.58,กล่องบุบ สินค้าเสียหาย
U00462,new,3,True,False,0,0,0,0,1,DEV-00461,0,681,1.6,
U00463,normal,1060,True,True,28,25,3,0,1,DEV-00462,0,2092,1.44,เปลี่ยนใจ ไม่ต้องการแล้ว
U00464,normal,306,False,True,6,6,0,0,0,DEV-00463,0,186,1.1,
U00465,loyal,528,True,False,35,35,0,0,0,DEV-00464,1,1629,0.79,
U00466,abuser,32,False,False,16,6,10,4,6,DEV-RING-07,4,335,4.47,ไม่มีเงินจ่ายตอนของมาส่ง
U00467,new,9,False,True,2,2,0,0,1,DEV-00466,1,1848,1.25,
U00468,normal,493,False,False,10,10,0,0,0,DEV-00467,1,1993,1.17,
U00469,normal,673,False,False,10,10,0,0,0,DEV-00468,0,815,0.65,
U00470,new,26,False,False,1,1,0,0,0,DEV-00469,1,1648,1.21,
U00471,loyal,1871,True,True,19,19,0,0,0,DEV-00470,0,1192,1.04,
U00472,loyal,1654,True,True,39,39,0,0,0,DEV-00471,1,2053,0.7,
U00473,new,1,False,False,0,0,0,0,0,DEV-00472,0,754,0.99,
U00474,normal,1033,True,False,15,15,0,0,0,DEV-00473,0,1658,0.74,
U00475,loyal,1245,True,False,25,25,0,0,0,DEV-00474,1,1248,1.46,
U00476,normal,1095,False,False,10,10,0,0,1,DEV-00475,0,748,1.62,
U00477,loyal,2164,True,False,58,58,0,0,0,DEV-00476,1,881,1.71,
U00478,normal,1319,True,True,6,6,0,0,0,DEV-00477,1,396,1.45,
U00479,new,11,False,False,0,0,0,0,1,DEV-00478,0,1351,1.26,
U00480,normal,1237,True,False,26,25,1,1,0,DEV-00479,0,1299,1.22,เปลี่ยนใจ ไม่ต้องการแล้ว
U00481,occasional_refuser,308,False,False,8,6,2,0,0,DEV-00480,0,373,1.27,เปลี่ยนใจ ไม่ต้องการแล้ว
U00482,normal,1373,True,False,24,23,1,0,0,DEV-00481,0,1319,1.2,สั่งผิด ไม่ได้ตั้งใจสั่ง
U00483,loyal,1133,True,True,19,19,0,0,0,DEV-00482,0,2222,1.33,
U00484,loyal,1952,True,False,20,19,1,1,0,DEV-00483,0,312,1.11,กล่องบุบ สินค้าเสียหาย
U00485,normal,374,True,False,29,26,3,3,0,DEV-00484,0,2340,0.98,เปลี่ยนใจ ไม่ต้องการแล้ว
U00486,loyal,1101,True,False,42,42,0,0,0,DEV-00485,0,1496,0.77,
U00487,normal,294,True,True,22,22,0,0,0,DEV-00486,1,1309,0.67,
U00488,new,11,False,True,0,0,0,0,0,DEV-00487,1,662,0.88,
U00489,loyal,518,False,True,23,21,2,2,0,DEV-00488,0,167,1.78,สั่งผิด ไม่ได้ตั้งใจสั่ง
U00490,loyal,872,True,False,58,58,0,0,0,DEV-00489,0,778,0.82,
U00491,occasional_refuser,467,False,True,13,12,1,0,1,DEV-00490,1,822,1.19,ไม่อยู่บ้าน ติดต่อไม่ได้
U00492,loyal,928,True,True,27,27,0,0,0,DEV-00491,1,2059,1.26,
U00493,loyal,1331,True,False,36,36,0,0,0,DEV-00492,1,1871,0.98,
U00494,abuser,96,False,False,10,5,5,4,6,DEV-RING-05,3,1433,5.67,สั่งผิด ไม่ได้ตั้งใจสั่ง
U00495,loyal,497,True,False,40,40,0,0,0,DEV-00494,1,1189,1.05,
U00496,new,21,False,True,0,0,0,0,1,DEV-00495,0,953,0.91,
U00497,normal,463,False,False,5,4,1,1,0,DEV-00496,0,838,1.26,ไม่มีเงินจ่ายตอนของมาส่ง
U00498,abuser,16,False,True,10,6,4,2,7,DEV-RING-01,5,1693,4.96,สั่งผิด ไม่ได้ตั้งใจสั่ง
U00499,new,9,False,True,2,2,0,0,1,DEV-00498,1,560,1.38,
U00500,loyal,2103,True,True,41,41,0,0,0,DEV-00499,0,1018,0.79,
U00501,normal,503,True,False,22,22,0,0,1,DEV-00500,1,509,1.25,
U00502,loyal,521,True,True,46,45,1,0,0,DEV-00501,1,498,0.82,ไม่อยู่บ้าน ติดต่อไม่ได้
U00503,new,19,False,True,1,1,0,0,1,DEV-00502,0,2282,1.27,
U00504,loyal,2419,False,False,61,60,1,1,0,DEV-00503,1,1325,1.22,ไม่มีเงินจ่ายตอนของมาส่ง
U00505,new,10,False,True,0,0,0,0,0,DEV-00504,1,1798,0.98,
U00506,new,28,False,True,1,1,0,0,1,DEV-00505,1,1276,0.78,
U00507,new,15,False,True,2,2,0,0,0,DEV-00506,0,958,1.21,
U00508,normal,118,False,True,5,5,0,0,1,DEV-00507,1,228,1.07,
U00509,normal,811,True,True,15,15,0,0,0,DEV-00508,1,2466,1.12,
U00510,normal,442,True,False,11,11,0,0,0,DEV-00509,0,317,0.61,
U00511,normal,415,True,False,8,8,0,0,0,DEV-00510,1,226,1.08,
U00512,loyal,896,True,False,79,78,1,0,0,DEV-00511,0,1828,1.75,ร้านส่งช้ากว่ากำหนด 10 วัน
U00513,normal,1202,False,False,12,10,2,0,0,DEV-00512,0,1288,1.68,ได้รับสินค้าผิดรุ่น
U00514,occasional_refuser,1164,True,False,21,19,2,0,0,DEV-00513,1,1448,0.68,เปลี่ยนใจ ไม่ต้องการแล้ว
U00515,occasional_refuser,1088,True,True,10,7,3,0,1,DEV-00514,0,2044,1.66,เจอที่อื่นถูกกว่า
U00516,loyal,563,True,True,54,53,1,0,0,DEV-00515,1,1793,0.83,สั่งผิด ไม่ได้ตั้งใจสั่ง
U00517,normal,183,True,True,15,15,0,0,0,DEV-00516,0,600,1.41,
U00518,new,29,False,True,1,1,0,0,0,DEV-00517,1,2200,0.78,
U00519,normal,1342,True,False,7,7,0,0,0,DEV-00518,1,1083,0.64,
U00520,loyal,2015,False,False,51,51,0,0,0,DEV-00519,0,1643,1.24,
U00521,occasional_refuser,952,False,True,7,5,2,2,1,DEV-00520,0,1566,0.92,กล่องบุบ สินค้าเสียหาย
U00522,normal,1218,True,True,10,10,0,0,0,DEV-00521,1,221,1.62,
U00523,normal,798,False,False,28,28,0,0,0,DEV-00522,1,2332,0.94,
U00524,normal,1057,False,False,11,10,1,0,0,DEV-00523,1,2176,1.51,ร้านส่งช้ากว่ากำหนด 10 วัน
U00525,loyal,2237,False,False,17,17,0,0,0,DEV-00524,1,167,0.95,
U00526,normal,270,False,True,19,19,0,0,1,DEV-00525,0,1510,1.69,
U00527,normal,1491,True,False,8,8,0,0,0,DEV-00526,0,1096,1.31,
U00528,normal,336,False,True,18,17,1,1,1,DEV-00527,0,626,1.46,ร้านส่งช้ากว่ากำหนด 10 วัน
U00529,normal,267,False,False,7,6,1,0,0,DEV-00528,0,157,1.22,ของไม่ตรงปก สีไม่ตรงกับที่สั่ง
U00530,normal,715,False,False,28,26,2,2,1,DEV-00529,0,2070,1.59,ร้านส่งช้ากว่ากำหนด 10 วัน
U00531,normal,374,False,True,11,10,1,1,0,DEV-00530,1,1264,1.7,ไม่มีเงินจ่ายตอนของมาส่ง
U00532,occasional_refuser,833,True,True,6,5,1,0,0,DEV-00531,1,1486,1.21,ได้รับสินค้าผิดรุ่น
U00533,loyal,1512,True,True,62,60,2,2,0,DEV-00532,1,310,1.65,สั่งผิด ไม่ได้ตั้งใจสั่ง
U00534,new,17,False,True,0,0,0,0,0,DEV-00533,1,1794,1.74,
U00535,new,15,False,False,2,2,0,0,0,DEV-00534,1,427,1.77,
U00536,normal,1190,True,True,18,18,0,0,0,DEV-00535,0,346,0.74,
U00537,normal,323,True,True,8,7,1,1,0,DEV-00536,0,678,1.68,เจอที่อื่นถูกกว่า
U00538,normal,239,True,True,25,23,2,0,0,DEV-00537,1,770,1.46,ของไม่ตรงปก สีไม่ตรงกับที่สั่ง
U00539,new,16,False,False,0,0,0,0,0,DEV-00538,0,518,0.82,
U00540,new,20,True,False,2,2,0,0,0,DEV-00539,0,1443,1.16,
U00541,normal,1386,True,False,13,13,0,0,1,DEV-00540,0,504,0.66,
U00542,normal,1417,True,True,23,22,1,1,0,DEV-00541,1,713,1.21,ไม่อยู่บ้าน ติดต่อไม่ได้
U00543,normal,412,True,True,9,9,0,0,0,DEV-00542,1,874,0.88,
U00544,occasional_refuser,972,False,True,21,20,1,0,0,DEV-00543,0,859,1.28,ร้านส่งช้ากว่ากำหนด 10 วัน
U00545,loyal,952,False,True,35,34,1,0,0,DEV-00544,0,1453,0.73,ไม่มีเงินจ่ายตอนของมาส่ง
U00546,loyal,644,True,True,69,66,3,1,0,DEV-00545,1,1522,1.39,เปลี่ยนใจ ไม่ต้องการแล้ว
U00547,loyal,1869,True,False,68,68,0,0,0,DEV-00546,1,561,0.99,
U00548,loyal,1632,False,False,25,25,0,0,0,DEV-00547,1,804,0.88,
U00549,normal,197,False,False,4,4,0,0,0,DEV-00548,1,1145,0.89,
U00550,normal,1457,True,True,26,24,2,2,0,DEV-00549,1,827,1.64,เปลี่ยนใจ ไม่ต้องการแล้ว
U00551,normal,1496,False,True,17,16,1,0,0,DEV-00550,0,664,0.93,ไม่อยู่บ้าน ติดต่อไม่ได้
U00552,new,25,False,True,1,1,0,0,0,DEV-00551,0,1084,1.15,
U00553,normal,1302,True,True,8,7,1,1,1,DEV-00552,0,687,1.22,กล่องบุบ สินค้าเสียหาย
U00554,normal,513,True,False,26,24,2,2,0,DEV-00553,0,1873,0.7,เจอที่อื่นถูกกว่า
U00555,normal,156,True,False,22,21,1,1,1,DEV-00554,0,1329,1.52,สั่งผิด ไม่ได้ตั้งใจสั่ง
U00556,loyal,1439,True,True,16,15,1,0,0,DEV-00555,1,1756,1.04,ไม่มีเงินจ่ายตอนของมาส่ง
U00557,normal,785,True,False,17,14,3,0,0,DEV-00556,0,153,1.47,เปลี่ยนใจ ไม่ต้องการแล้ว
U00558,new,11,False,True,0,0,0,0,1,DEV-00557,1,1013,1.47,
U00559,abuser,85,False,False,19,12,7,1,8,DEV-RING-00,5,1451,3.06,เจอที่อื่นถูกกว่า
U00560,normal,796,True,False,11,10,1,1,0,DEV-00559,0,2108,1.62,เปลี่ยนใจ ไม่ต้องการแล้ว
U00561,loyal,1409,True,False,59,58,1,0,0,DEV-00560,1,1149,1.78,กล่องบุบ สินค้าเสียหาย
U00562,normal,1376,True,True,7,7,0,0,1,DEV-00561,0,646,1.48,
U00563,abuser,104,False,False,10,7,3,3,4,DEV-RING-02,5,1008,3.89,เปลี่ยนใจ ไม่ต้องการแล้ว
U00564,normal,1076,True,False,28,28,0,0,1,DEV-00563,0,863,1.77,
U00565,new,21,True,True,1,1,0,0,0,DEV-00564,0,1662,1.26,
U00566,loyal,1458,False,False,57,56,1,1,0,DEV-00565,0,1270,0.73,ได้รับสินค้าผิดรุ่น
U00567,normal,365,True,False,12,12,0,0,0,DEV-00566,1,274,0.93,
U00568,normal,183,True,True,21,21,0,0,0,DEV-00567,0,1169,0.6,
U00569,normal,144,True,False,18,16,2,2,1,DEV-00568,0,446,0.97,เปลี่ยนใจ ไม่ต้องการแล้ว
U00570,loyal,1781,False,False,42,41,1,0,0,DEV-00569,1,2303,0.73,ร้านส่งช้ากว่ากำหนด 10 วัน
U00571,normal,320,True,False,5,5,0,0,0,DEV-00570,1,1779,1.01,
U00572,loyal,949,True,True,44,44,0,0,0,DEV-00571,0,240,1.39,
U00573,loyal,602,False,False,60,59,1,1,0,DEV-00572,1,925,0.66,ของไม่ตรงปก สีไม่ตรงกับที่สั่ง
U00574,normal,580,False,False,10,9,1,1,0,DEV-00573,0,1089,1.17,สั่งผิด ไม่ได้ตั้งใจสั่ง
U00575,new,13,False,True,1,1,0,0,1,DEV-00574,1,1944,1.77,
U00576,normal,572,True,True,9,9,0,0,0,DEV-00575,0,964,1.11,
U00577,new,14,False,True,0,0,0,0,0,DEV-00576,1,2147,1.28,
U00578,normal,576,True,True,4,4,0,0,0,DEV-00577,1,1589,1.25,
U00579,loyal,2003,True,False,36,35,1,0,0,DEV-00578,0,956,1.33,ไม่อยู่บ้าน ติดต่อไม่ได้
U00580,loyal,2253,True,True,74,73,1,1,0,DEV-00579,0,680,0.66,เปลี่ยนใจ ไม่ต้องการแล้ว
U00581,new,11,True,False,0,0,0,0,0,DEV-00580,0,1078,1.13,
U00582,loyal,2220,True,True,74,73,1,0,0,DEV-00581,0,1636,1.18,ของไม่ตรงปก สีไม่ตรงกับที่สั่ง
U00583,loyal,2477,True,True,74,73,1,1,0,DEV-00582,0,1412,1.71,เจอที่อื่นถูกกว่า
U00584,normal,1018,False,True,22,21,1,0,0,DEV-00583,1,326,1.08,ไม่อยู่บ้าน ติดต่อไม่ได้
U00585,normal,750,False,False,5,5,0,0,0,DEV-00584,0,666,1.8,
U00586,abuser,71,False,False,19,7,12,10,7,DEV-RING-00,5,794,2.98,ไม่มีเงินจ่ายตอนของมาส่ง
U00587,abuser,61,False,False,9,6,3,3,4,DEV-RING-01,3,1166,4.18,สั่งผิด ไม่ได้ตั้งใจสั่ง
U00588,normal,154,True,True,15,14,1,1,1,DEV-00587,0,1750,1.31,สั่งผิด ไม่ได้ตั้งใจสั่ง
U00589,normal,636,True,False,28,27,1,0,0,DEV-00588,1,1206,1.2,เปลี่ยนใจ ไม่ต้องการแล้ว
U00590,new,8,False,True,1,1,0,0,1,DEV-00589,1,1999,0.81,
U00591,occasional_refuser,270,False,True,16,15,1,1,0,DEV-00590,0,175,1.49,ไม่มีเงินจ่ายตอนของมาส่ง
U00592,loyal,2120,True,True,25,24,1,0,0,DEV-00591,1,474,0.93,เปลี่ยนใจ ไม่ต้องการแล้ว
U00593,new,13,False,False,0,0,0,0,0,DEV-00592,0,900,1.48,
U00594,loyal,632,True,True,23,23,0,0,0,DEV-00593,1,2048,0.63,
U00595,occasional_refuser,636,False,True,10,9,1,0,1,DEV-00594,0,2307,0.74,ไม่มีเงินจ่ายตอนของมาส่ง
U00596,normal,985,True,False,17,16,1,0,0,DEV-00595,0,1060,1.22,ได้รับสินค้าผิดรุ่น
U00597,normal,933,False,False,7,7,0,0,0,DEV-00596,0,2100,1.63,
U00598,new,4,True,False,2,0,2,0,0,DEV-00597,0,1280,0.94,สั่งผิด ไม่ได้ตั้งใจสั่ง
U00599,loyal,2472,True,False,47,46,1,0,0,DEV-00598,0,1818,1.2,เจอที่อื่นถูกกว่า
U00600,normal,569,False,True,26,26,0,0,0,DEV-00599,0,242,0.74,
U00601,abuser,48,False,False,17,11,6,6,5,DEV-RING-03,5,528,4.84,กล่องบุบ สินค้าเสียหาย
U00602,normal,896,True,True,26,25,1,1,1,DEV-00601,1,2180,1.18,ของไม่ตรงปก สีไม่ตรงกับที่สั่ง
U00603,new,19,False,True,0,0,0,0,0,DEV-00602,1,1852,0.78,
U00604,normal,833,True,False,8,7,1,0,0,DEV-00603,1,1263,1.78,สั่งผิด ไม่ได้ตั้งใจสั่ง
U00605,new,23,False,False,1,1,0,0,1,DEV-00604,1,685,0.89,
U00606,loyal,1288,True,True,70,70,0,0,0,DEV-00605,1,523,1.46,
U00607,normal,894,True,True,9,9,0,0,0,DEV-00606,0,1601,0.98,
U00608,normal,965,False,True,24,24,0,0,0,DEV-00607,0,1242,1.3,
U00609,loyal,2004,False,True,67,65,2,0,0,DEV-00608,0,932,0.87,ไม่มีเงินจ่ายตอนของมาส่ง
U00610,normal,871,True,True,8,7,1,1,0,DEV-00609,1,897,1.63,ของไม่ตรงปก สีไม่ตรงกับที่สั่ง
U00611,loyal,842,True,False,77,77,0,0,0,DEV-00610,0,764,0.86,
U00612,loyal,2002,True,False,76,76,0,0,0,DEV-00611,0,2062,1.38,
U00613,loyal,1225,True,True,54,54,0,0,0,DEV-00612,1,2163,0.84,
U00614,normal,804,False,False,16,16,0,0,0,DEV-00613,0,1629,1.61,
U00615,normal,550,True,True,19,19,0,0,0,DEV-00614,1,2148,0.63,
U00616,loyal,2183,True,False,65,64,1,1,0,DEV-00615,1,452,1.67,สั่งผิด ไม่ได้ตั้งใจสั่ง
U00617,loyal,878,True,True,26,26,0,0,0,DEV-00616,0,2053,1.8,
U00618,loyal,2138,True,True,56,56,0,0,0,DEV-00617,1,1417,1.27,
U00619,normal,1241,False,True,4,4,0,0,0,DEV-00618,1,528,0.67,
U00620,normal,701,True,True,6,5,1,0,1,DEV-00619,0,1120,1.03,ไม่มีเงินจ่ายตอนของมาส่ง
U00621,normal,574,True,False,28,24,4,1,0,DEV-00620,1,559,1.19,ไม่อยู่บ้าน ติดต่อไม่ได้
U00622,normal,702,False,True,14,14,0,0,0,DEV-00621,0,1909,1.54,
U00623,normal,1411,True,False,25,23,2,1,0,DEV-00622,1,1662,1.04,ของไม่ตรงปก สีไม่ตรงกับที่สั่ง
U00624,occasional_refuser,1170,True,True,22,21,1,1,1,DEV-00623,1,537,0.63,กล่องบุบ สินค้าเสียหาย
U00625,normal,901,True,True,16,15,1,0,0,DEV-00624,1,573,1.5,กล่องบุบ สินค้าเสียหาย
U00626,new,18,False,True,2,2,0,0,0,DEV-00625,0,1452,0.97,
U00627,normal,912,True,True,4,4,0,0,1,DEV-00626,1,2335,1.77,
U00628,loyal,739,True,True,36,35,1,0,0,DEV-00627,1,1826,0.67,สั่งผิด ไม่ได้ตั้งใจสั่ง
U00629,normal,966,True,False,18,16,2,1,0,DEV-00628,1,800,1.6,ได้รับสินค้าผิดรุ่น
U00630,new,5,False,True,0,0,0,0,0,DEV-00629,0,1137,0.68,
U00631,normal,547,False,True,11,11,0,0,0,DEV-00630,1,1125,1.73,
U00632,normal,524,False,False,22,22,0,0,0,DEV-00631,0,2120,1.0,
U00633,occasional_refuser,773,True,True,23,22,1,1,1,DEV-00632,1,1197,0.83,ไม่อยู่บ้าน ติดต่อไม่ได้
U00634,normal,1017,True,False,18,17,1,1,0,DEV-00633,0,1495,1.64,ไม่มีเงินจ่ายตอนของมาส่ง
U00635,normal,383,False,True,21,21,0,0,0,DEV-00634,1,780,1.77,
U00636,new,10,True,True,0,0,0,0,0,DEV-00635,0,1229,0.81,
U00637,loyal,1733,False,True,16,16,0,0,0,DEV-00636,1,1210,0.69,
U00638,loyal,666,True,True,77,75,2,0,0,DEV-00637,0,438,1.14,ไม่มีเงินจ่ายตอนของมาส่ง
U00639,loyal,1101,True,True,51,51,0,0,0,DEV-00638,1,473,1.18,
U00640,loyal,1126,True,True,27,27,0,0,0,DEV-00639,0,1101,1.7,
U00641,new,18,True,True,1,1,0,0,1,DEV-00640,0,2436,1.28,
U00642,normal,503,False,False,27,26,1,0,0,DEV-00641,0,1276,1.21,สั่งผิด ไม่ได้ตั้งใจสั่ง
U00643,loyal,1196,True,True,31,30,1,0,0,DEV-00642,1,605,1.65,ร้านส่งช้ากว่ากำหนด 10 วัน
U00644,new,10,False,True,1,1,0,0,1,DEV-00643,0,2246,0.66,
U00645,occasional_refuser,1051,False,True,7,5,2,2,1,DEV-00644,1,2305,1.59,ได้รับสินค้าผิดรุ่น
U00646,new,17,False,False,2,2,0,0,0,DEV-00645,0,1039,0.96,
U00647,loyal,2037,True,False,22,22,0,0,0,DEV-00646,1,930,0.97,
U00648,normal,854,False,True,26,25,1,1,1,DEV-00647,0,1888,1.79,สั่งผิด ไม่ได้ตั้งใจสั่ง
U00649,normal,871,True,False,23,23,0,0,0,DEV-00648,1,842,1.36,
U00650,loyal,2409,True,False,33,33,0,0,0,DEV-00649,1,960,1.02,
U00651,normal,851,True,False,4,3,1,0,1,DEV-00650,0,963,0.7,ร้านส่งช้ากว่ากำหนด 10 วัน
U00652,loyal,675,True,False,74,72,2,0,0,DEV-00651,0,1200,1.01,กล่องบุบ สินค้าเสียหาย
U00653,normal,316,False,True,10,9,1,0,1,DEV-00652,1,2191,1.6,เจอที่อื่นถูกกว่า
U00654,normal,1287,False,True,11,11,0,0,1,DEV-00653,1,1269,1.4,
U00655,new,27,False,False,1,1,0,0,0,DEV-00654,0,1129,1.71,
U00656,normal,495,True,False,25,24,1,0,1,DEV-00655,0,1063,1.68,ของไม่ตรงปก สีไม่ตรงกับที่สั่ง
U00657,occasional_refuser,953,True,False,5,4,1,1,0,DEV-00656,1,849,0.64,ได้รับสินค้าผิดรุ่น
U00658,new,8,False,False,0,0,0,0,0,DEV-00657,1,1991,0.86,
U00659,loyal,945,True,False,30,29,1,1,0,DEV-00658,0,1061,0.83,เปลี่ยนใจ ไม่ต้องการแล้ว
U00660,abuser,3,False,True,11,8,3,2,5,DEV-RING-04,5,757,3.59,เปลี่ยนใจ ไม่ต้องการแล้ว
U00661,normal,373,False,False,22,21,1,0,0,DEV-00660,1,778,1.03,ไม่มีเงินจ่ายตอนของมาส่ง
U00662,new,20,True,True,0,0,0,0,1,DEV-00661,1,449,1.16,
U00663,loyal,2414,True,True,17,17,0,0,0,DEV-00662,0,2317,1.54,
U00664,normal,1404,False,False,27,25,2,1,1,DEV-00663,0,1153,1.32,ไม่อยู่บ้าน ติดต่อไม่ได้
U00665,new,8,False,True,0,0,0,0,0,DEV-00664,0,323,1.73,
U00666,occasional_refuser,207,False,True,8,5,3,2,0,DEV-00665,1,1710,0.92,ได้รับสินค้าผิดรุ่น
U00667,loyal,1316,True,True,17,17,0,0,0,DEV-00666,1,565,1.72,
U00668,normal,341,False,True,14,14,0,0,0,DEV-00667,1,1888,0.73,
U00669,loyal,1047,True,True,67,66,1,1,0,DEV-00668,1,2369,1.22,เปลี่ยนใจ ไม่ต้องการแล้ว
U00670,loyal,2313,True,False,59,59,0,0,0,DEV-00669,1,2497,1.14,
U00671,loyal,554,True,False,15,15,0,0,0,DEV-00670,1,2219,1.66,
U00672,loyal,1701,True,False,41,40,1,0,0,DEV-00671,0,738,1.4,เจอที่อื่นถูกกว่า
U00673,abuser,39,False,False,8,6,2,0,3,DEV-RING-02,6,1394,3.1,ไม่มีเงินจ่ายตอนของมาส่ง
U00674,loyal,1138,True,True,45,44,1,1,0,DEV-00673,0,988,0.72,สั่งผิด ไม่ได้ตั้งใจสั่ง
U00675,abuser,15,False,False,13,9,4,1,5,DEV-RING-03,4,1732,4.5,ไม่อยู่บ้าน ติดต่อไม่ได้
U00676,normal,1292,True,True,27,27,0,0,0,DEV-00675,1,1267,1.57,
U00677,normal,1276,False,True,25,23,2,1,0,DEV-00676,0,2410,0.96,ร้านส่งช้ากว่ากำหนด 10 วัน
U00678,normal,110,True,False,19,18,1,0,0,DEV-00677,0,2238,1.77,ร้านส่งช้ากว่ากำหนด 10 วัน
U00679,loyal,979,True,True,36,36,0,0,0,DEV-00678,0,1465,1.65,
U00680,new,10,False,True,0,0,0,0,0,DEV-00679,0,560,1.04,
U00681,abuser,91,False,True,7,4,3,0,6,DEV-RING-05,4,964,3.18,ไม่อยู่บ้าน ติดต่อไม่ได้
U00682,normal,1306,False,True,3,2,1,1,0,DEV-00681,1,912,1.62,ร้านส่งช้ากว่ากำหนด 10 วัน
U00683,new,22,False,True,2,1,1,1,0,DEV-00682,1,799,1.19,ร้านส่งช้ากว่ากำหนด 10 วัน
U00684,loyal,1613,False,True,74,73,1,1,0,DEV-00683,1,1115,1.1,กล่องบุบ สินค้าเสียหาย
U00685,occasional_refuser,136,False,True,14,11,3,1,0,DEV-00684,1,1571,0.67,กล่องบุบ สินค้าเสียหาย
U00686,new,2,False,True,2,2,0,0,0,DEV-00685,0,2113,0.87,
U00687,normal,1471,True,True,4,4,0,0,0,DEV-00686,1,2214,1.34,
U00688,new,18,False,True,1,1,0,0,1,DEV-00687,1,1138,1.11,
U00689,loyal,2195,True,True,22,22,0,0,0,DEV-00688,0,1472,1.45,
U00690,normal,265,True,True,24,22,2,2,0,DEV-00689,0,808,0.87,กล่องบุบ สินค้าเสียหาย
U00691,occasional_refuser,268,False,False,7,5,2,2,0,DEV-00690,1,523,0.95,เปลี่ยนใจ ไม่ต้องการแล้ว
U00692,new,4,False,True,2,2,0,0,0,DEV-00691,1,1785,0.76,
U00693,normal,934,False,True,27,26,1,0,1,DEV-00692,1,1615,1.64,ไม่มีเงินจ่ายตอนของมาส่ง
U00694,loyal,2294,True,True,79,78,1,1,0,DEV-00693,1,2157,1.64,สั่งผิด ไม่ได้ตั้งใจสั่ง
U00695,loyal,1262,True,True,64,64,0,0,0,DEV-00694,0,350,1.67,
U00696,normal,238,True,True,17,16,1,1,1,DEV-00695,0,2085,0.75,กล่องบุบ สินค้าเสียหาย
U00697,loyal,2145,True,False,19,19,0,0,0,DEV-00696,0,2122,1.1,
U00698,loyal,1689,True,True,55,54,1,0,0,DEV-00697,1,2091,1.78,กล่องบุบ สินค้าเสียหาย
U00699,abuser,18,False,False,5,3,2,2,7,DEV-RING-06,5,2221,2.73,ไม่มีเงินจ่ายตอนของมาส่ง
U00700,new,29,False,False,0,0,0,0,0,DEV-00699,0,470,0.93,
U00701,occasional_refuser,836,False,True,20,19,1,0,1,DEV-00700,1,220,1.4,กล่องบุบ สินค้าเสียหาย
U00702,new,19,False,True,0,0,0,0,1,DEV-00701,1,2391,0.68,
U00703,abuser,8,False,False,19,12,7,0,3,DEV-RING-01,2,1910,5.16,ไม่อยู่บ้าน ติดต่อไม่ได้
U00704,loyal,1418,False,False,16,16,0,0,0,DEV-00703,0,2081,1.49,
U00705,normal,752,True,True,28,27,1,1,0,DEV-00704,1,1388,1.5,ของไม่ตรงปก สีไม่ตรงกับที่สั่ง
U00706,loyal,1143,True,True,17,17,0,0,0,DEV-00705,0,2489,1.47,
U00707,abuser,24,False,False,11,8,3,3,8,DEV-RING-07,4,1932,5.08,เจอที่อื่นถูกกว่า
U00708,new,24,False,True,1,1,0,0,0,DEV-00707,1,2282,1.35,
U00709,new,17,False,True,1,1,0,0,1,DEV-00708,1,946,1.28,
U00710,new,22,False,True,2,2,0,0,1,DEV-00709,1,1745,1.22,
U00711,new,15,False,True,1,1,0,0,0,DEV-00710,0,1336,1.02,
U00712,occasional_refuser,853,True,True,14,11,3,1,0,DEV-00711,1,1367,0.79,ร้านส่งช้ากว่ากำหนด 10 วัน
U00713,new,23,False,True,2,2,0,0,0,DEV-00712,1,2203,1.26,
U00714,normal,1337,True,False,15,15,0,0,1,DEV-00713,0,503,0.92,
U00715,occasional_refuser,586,True,False,19,16,3,0,1,DEV-00714,0,2408,1.54,ของไม่ตรงปก สีไม่ตรงกับที่สั่ง
U00716,loyal,901,True,False,55,54,1,1,0,DEV-00715,0,825,1.27,เจอที่อื่นถูกกว่า
U00717,new,19,False,True,2,2,0,0,1,DEV-00716,0,608,1.46,
U00718,normal,876,True,False,10,10,0,0,0,DEV-00717,0,1183,1.17,
U00719,new,6,True,False,2,2,0,0,0,DEV-00718,0,1307,1.54,
U00720,loyal,1194,True,False,31,31,0,0,0,DEV-00719,1,1533,0.7,
U00721,normal,845,False,True,25,25,0,0,0,DEV-00720,0,2407,1.61,
U00722,occasional_refuser,129,True,False,15,14,1,0,1,DEV-00721,1,1513,1.16,ได้รับสินค้าผิดรุ่น
U00723,loyal,988,True,True,61,61,0,0,0,DEV-00722,1,1460,0.93,
U00724,new,18,True,True,2,1,1,1,1,DEV-00723,0,1469,1.16,ไม่อยู่บ้าน ติดต่อไม่ได้
U00725,loyal,1433,False,True,68,67,1,0,0,DEV-00724,1,735,0.66,กล่องบุบ สินค้าเสียหาย
U00726,normal,411,True,False,17,17,0,0,0,DEV-00725,1,1624,1.6,
U00727,loyal,1633,True,False,39,39,0,0,0,DEV-00726,1,1398,0.67,
U00728,new,11,False,True,2,2,0,0,0,DEV-00727,0,1656,0.65,
U00729,normal,209,True,True,5,5,0,0,1,DEV-00728,0,521,0.79,
U00730,new,10,False,False,0,0,0,0,0,DEV-00729,1,2028,0.94,
U00731,normal,637,False,False,4,4,0,0,0,DEV-00730,1,1001,0.87,
U00732,loyal,1101,True,True,15,15,0,0,0,DEV-00731,1,1617,1.59,
U00733,normal,1030,False,True,18,18,0,0,0,DEV-00732,0,1766,1.18,
U00734,abuser,57,False,False,18,6,12,11,6,DEV-RING-04,4,320,4.53,ไม่อยู่บ้าน ติดต่อไม่ได้
U00735,normal,257,True,False,17,17,0,0,0,DEV-00734,0,1989,1.39,
U00736,occasional_refuser,500,True,True,20,17,3,0,1,DEV-00735,0,2084,1.35,ไม่มีเงินจ่ายตอนของมาส่ง
U00737,new,21,False,False,2,1,1,1,1,DEV-00736,0,1857,1.65,ของไม่ตรงปก สีไม่ตรงกับที่สั่ง
U00738,abuser,16,False,False,7,5,2,1,3,DEV-RING-07,4,2293,2.94,สั่งผิด ไม่ได้ตั้งใจสั่ง
U00739,normal,1133,True,False,8,8,0,0,1,DEV-00738,0,1988,1.54,
U00740,normal,835,True,True,25,25,0,0,0,DEV-00739,0,1430,1.2,
U00741,occasional_refuser,938,True,False,9,8,1,1,0,DEV-00740,1,1642,0.76,ของไม่ตรงปก สีไม่ตรงกับที่สั่ง
U00742,normal,487,True,True,7,7,0,0,1,DEV-00741,1,205,1.18,
U00743,loyal,981,True,False,36,36,0,0,0,DEV-00742,1,438,0.82,
U00744,normal,828,False,True,20,20,0,0,0,DEV-00743,0,1495,0.83,
U00745,loyal,2376,True,True,21,21,0,0,0,DEV-00744,0,1863,0.89,
U00746,loyal,474,True,True,22,22,0,0,0,DEV-00745,0,302,1.77,
U00747,normal,122,True,False,20,20,0,0,0,DEV-00746,0,1849,1.61,
U00748,abuser,53,False,False,7,3,4,2,3,DEV-RING-02,3,2387,4.6,เปลี่ยนใจ ไม่ต้องการแล้ว
U00749,normal,194,True,True,23,23,0,0,0,DEV-00748,1,1325,0.6,
U00750,new,11,True,True,0,0,0,0,0,DEV-00749,1,162,0.98,
U00751,normal,143,False,True,6,6,0,0,0,DEV-00750,1,2118,0.92,
U00752,abuser,31,False,True,14,10,4,2,3,DEV-RING-05,3,1588,3.16,สั่งผิด ไม่ได้ตั้งใจสั่ง
U00753,new,12,False,False,2,2,0,0,1,DEV-00752,1,618,1.57,
U00754,normal,595,True,True,25,25,0,0,0,DEV-00753,0,2339,0.65,
U00755,new,1,False,False,1,1,0,0,0,DEV-00754,1,1877,1.38,
U00756,normal,738,True,False,3,2,1,0,0,DEV-00755,1,1810,1.07,ไม่มีเงินจ่ายตอนของมาส่ง
U00757,normal,1460,True,False,13,13,0,0,1,DEV-00756,1,1760,1.57,
U00758,new,6,True,False,0,0,0,0,1,DEV-00757,0,2123,1.35,
U00759,loyal,2240,True,False,27,27,0,0,0,DEV-00758,1,499,1.1,
U00760,normal,1450,True,False,29,28,1,0,0,DEV-00759,0,335,0.82,สั่งผิด ไม่ได้ตั้งใจสั่ง
U00761,loyal,983,True,False,24,24,0,0,0,DEV-00760,1,2271,1.06,
U00762,loyal,893,True,True,58,57,1,0,0,DEV-00761,1,259,1.12,สั่งผิด ไม่ได้ตั้งใจสั่ง
U00763,normal,295,True,True,20,19,1,1,0,DEV-00762,1,2073,1.14,สั่งผิด ไม่ได้ตั้งใจสั่ง
U00764,loyal,1301,True,False,37,37,0,0,0,DEV-00763,0,1479,1.4,
U00765,normal,121,False,False,7,7,0,0,0,DEV-00764,0,1633,0.71,
U00766,normal,1448,True,False,9,8,1,1,0,DEV-00765,1,1679,1.12,เปลี่ยนใจ ไม่ต้องการแล้ว
U00767,loyal,2392,False,True,46,46,0,0,0,DEV-00766,0,1805,0.77,
U00768,normal,611,False,True,25,25,0,0,0,DEV-00767,0,309,0.63,
U00769,normal,402,False,False,25,25,0,0,0,DEV-00768,0,1912,0.85,
U00770,loyal,1198,True,False,65,65,0,0,0,DEV-00769,0,1467,0.7,
U00771,normal,387,False,False,29,28,1,1,0,DEV-00770,0,416,1.71,กล่องบุบ สินค้าเสียหาย
U00772,occasional_refuser,967,True,True,23,21,2,1,0,DEV-00771,0,945,0.85,เจอที่อื่นถูกกว่า
U00773,loyal,1907,True,False,19,18,1,0,0,DEV-00772,1,2234,1.45,ไม่มีเงินจ่ายตอนของมาส่ง
U00774,new,5,False,True,0,0,0,0,0,DEV-00773,1,1560,1.45,
U00775,loyal,875,True,False,39,38,1,1,0,DEV-00774,0,1097,1.32,เจอที่อื่นถูกกว่า
U00776,loyal,1326,True,True,43,41,2,1,0,DEV-00775,1,941,1.16,ได้รับสินค้าผิดรุ่น
U00777,loyal,1611,False,False,61,60,1,0,0,DEV-00776,1,2393,1.66,สั่งผิด ไม่ได้ตั้งใจสั่ง
U00778,new,15,False,True,1,1,0,0,0,DEV-00777,1,1986,1.52,
U00779,normal,475,True,True,12,10,2,1,0,DEV-00778,0,453,1.17,ไม่อยู่บ้าน ติดต่อไม่ได้
U00780,occasional_refuser,1088,True,True,12,10,2,2,0,DEV-00779,0,2437,1.26,ร้านส่งช้ากว่ากำหนด 10 วัน
U00781,new,25,True,True,0,0,0,0,0,DEV-00780,0,2079,1.65,
U00782,new,14,False,True,0,0,0,0,1,DEV-00781,0,2211,1.5,
U00783,normal,291,True,True,6,5,1,0,0,DEV-00782,1,306,1.35,ไม่อยู่บ้าน ติดต่อไม่ได้
U00784,new,23,False,True,1,1,0,0,0,DEV-00783,0,155,0.79,
U00785,normal,304,False,True,8,7,1,0,0,DEV-00784,1,1387,1.38,เปลี่ยนใจ ไม่ต้องการแล้ว
U00786,abuser,53,False,False,12,6,6,0,3,DEV-RING-02,5,1390,3.21,สั่งผิด ไม่ได้ตั้งใจสั่ง
U00787,new,12,True,True,2,2,0,0,0,DEV-00786,0,2329,1.07,
U00788,normal,282,False,True,18,18,0,0,0,DEV-00787,0,1341,1.32,
U00789,normal,1318,True,True,26,25,1,0,0,DEV-00788,0,736,1.61,ได้รับสินค้าผิดรุ่น
U00790,normal,1063,True,True,3,3,0,0,0,DEV-00789,0,792,0.94,
U00791,new,29,False,True,2,2,0,0,1,DEV-00790,1,524,1.46,
U00792,new,22,False,False,2,2,0,0,0,DEV-00791,1,2391,0.9,
U00793,occasional_refuser,970,False,False,13,12,1,0,1,DEV-00792,0,1145,1.28,ไม่อยู่บ้าน ติดต่อไม่ได้
U00794,loyal,1267,True,False,37,36,1,1,0,DEV-00793,1,748,1.64,ของไม่ตรงปก สีไม่ตรงกับที่สั่ง
U00795,new,14,False,False,0,0,0,0,0,DEV-00794,0,1513,1.4,
U00796,occasional_refuser,242,True,False,6,5,1,0,0,DEV-00795,0,771,1.05,ร้านส่งช้ากว่ากำหนด 10 วัน
U00797,occasional_refuser,720,True,False,23,20,3,3,1,DEV-00796,1,173,0.66,ได้รับสินค้าผิดรุ่น
U00798,loyal,681,True,False,28,28,0,0,0,DEV-00797,1,1927,1.48,
U00799,normal,386,True,True,4,4,0,0,1,DEV-00798,0,2498,0.86,
U00800,normal,472,True,False,3,3,0,0,0,DEV-00799,0,1955,1.79,
U00801,normal,161,True,False,16,16,0,0,0,DEV-00800,0,2246,1.21,
U00802,loyal,695,True,False,74,73,1,1,0,DEV-00801,1,807,1.61,ไม่อยู่บ้าน ติดต่อไม่ได้
U00803,occasional_refuser,466,True,True,9,8,1,1,1,DEV-00802,1,2207,0.79,สั่งผิด ไม่ได้ตั้งใจสั่ง
U00804,loyal,640,True,True,44,44,0,0,0,DEV-00803,1,1772,1.73,
U00805,normal,1165,False,False,16,15,1,0,0,DEV-00804,0,686,1.24,กล่องบุบ สินค้าเสียหาย
U00806,normal,970,False,True,28,25,3,2,1,DEV-00805,0,1275,1.58,กล่องบุบ สินค้าเสียหาย
U00807,normal,886,False,True,3,2,1,0,0,DEV-00806,1,2469,0.9,กล่องบุบ สินค้าเสียหาย
U00808,normal,1499,True,True,24,24,0,0,0,DEV-00807,1,418,1.07,
U00809,normal,624,True,True,7,7,0,0,0,DEV-00808,1,865,0.87,
U00810,new,1,True,True,1,1,0,0,0,DEV-00809,0,1118,1.78,
U00811,occasional_refuser,1132,False,True,9,8,1,0,0,DEV-00810,0,2288,0.93,ไม่อยู่บ้าน ติดต่อไม่ได้
U00812,normal,825,False,False,18,18,0,0,0,DEV-00811,1,1674,0.67,
U00813,new,17,False,True,1,1,0,0,0,DEV-00812,1,205,1.55,
U00814,occasional_refuser,737,False,False,9,6,3,0,0,DEV-00813,0,881,0.72,เปลี่ยนใจ ไม่ต้องการแล้ว
U00815,new,17,False,False,2,2,0,0,0,DEV-00814,1,1995,1.05,
U00816,new,28,False,True,0,0,0,0,0,DEV-00815,1,2146,1.66,
U00817,normal,1103,True,True,22,20,2,1,0,DEV-00816,1,1280,1.61,ไม่อยู่บ้าน ติดต่อไม่ได้
U00818,new,13,False,True,0,0,0,0,0,DEV-00817,0,1224,1.67,
U00819,new,5,False,False,2,2,0,0,0,DEV-00818,0,2037,1.02,
U00820,normal,1339,True,False,15,15,0,0,0,DEV-00819,0,1222,1.67,
U00821,normal,1114,False,False,12,12,0,0,0,DEV-00820,1,1278,0.88,
U00822,loyal,2455,True,False,37,37,0,0,0,DEV-00821,0,1159,1.24,
U00823,loyal,700,True,False,55,55,0,0,0,DEV-00822,1,1619,1.35,
U00824,occasional_refuser,903,True,True,15,13,2,0,1,DEV-00823,0,218,1.05,เปลี่ยนใจ ไม่ต้องการแล้ว
U00825,loyal,1196,True,False,31,30,1,0,0,DEV-00824,1,1236,1.57,เปลี่ยนใจ ไม่ต้องการแล้ว
U00826,abuser,14,False,False,6,4,2,0,4,DEV-RING-00,5,169,3.66,ไม่มีเงินจ่ายตอนของมาส่ง
U00827,loyal,1129,True,False,21,21,0,0,0,DEV-00826,0,189,1.15,
U00828,normal,130,True,True,23,21,2,2,1,DEV-00827,0,2425,1.56,ของไม่ตรงปก สีไม่ตรงกับที่สั่ง
U00829,normal,152,True,False,19,18,1,0,1,DEV-00828,0,1070,1.37,ร้านส่งช้ากว่ากำหนด 10 วัน
U00830,normal,214,False,True,18,18,0,0,0,DEV-00829,1,279,1.06,
U00831,normal,862,True,True,16,16,0,0,0,DEV-00830,1,1690,1.34,
U00832,normal,224,False,False,15,14,1,1,0,DEV-00831,1,486,1.05,เจอที่อื่นถูกกว่า
U00833,normal,980,True,True,16,16,0,0,1,DEV-00832,0,1710,0.79,
U00834,normal,1282,False,False,13,12,1,1,1,DEV-00833,0,1637,1.74,สั่งผิด ไม่ได้ตั้งใจสั่ง
U00835,normal,492,True,True,5,5,0,0,0,DEV-00834,0,440,1.36,
U00836,abuser,46,False,True,14,6,8,5,8,DEV-RING-05,6,1857,2.62,เปลี่ยนใจ ไม่ต้องการแล้ว
U00837,new,18,True,True,2,2,0,0,0,DEV-00836,1,531,1.77,
U00838,loyal,866,False,True,56,53,3,2,0,DEV-00837,0,1562,1.44,ของไม่ตรงปก สีไม่ตรงกับที่สั่ง
U00839,loyal,1649,True,False,29,29,0,0,0,DEV-00838,1,1021,1.74,
U00840,new,14,False,True,1,1,0,0,1,DEV-00839,0,667,0.99,
U00841,loyal,604,True,True,69,69,0,0,0,DEV-00840,1,816,1.23,
U00842,loyal,1470,True,True,46,46,0,0,0,DEV-00841,1,441,1.28,
U00843,loyal,1112,True,True,42,42,0,0,0,DEV-00842,1,2422,1.41,
U00844,new,2,False,True,1,1,0,0,0,DEV-00843,1,771,1.75,
U00845,normal,710,True,True,19,18,1,1,1,DEV-00844,1,1524,0.85,ไม่อยู่บ้าน ติดต่อไม่ได้
U00846,normal,109,True,True,17,17,0,0,1,DEV-00845,0,1272,1.43,
U00847,occasional_refuser,364,False,False,19,16,3,2,1,DEV-00846,0,1888,1.04,ของไม่ตรงปก สีไม่ตรงกับที่สั่ง
U00848,new,24,False,False,2,2,0,0,0,DEV-00847,0,537,1.31,
U00849,normal,1205,True,False,15,15,0,0,0,DEV-00848,0,876,0.91,
U00850,abuser,84,False,False,7,4,3,2,7,DEV-RING-07,4,1668,4.94,ไม่อยู่บ้าน ติดต่อไม่ได้
U00851,normal,185,True,True,10,10,0,0,0,DEV-00850,1,1968,1.32,
U00852,new,27,False,True,2,2,0,0,1,DEV-00851,1,2228,1.76,
U00853,new,19,True,True,0,0,0,0,0,DEV-00852,0,2286,1.26,
U00854,normal,561,True,True,7,7,0,0,0,DEV-00853,0,2152,1.28,
U00855,normal,334,True,True,24,22,2,1,0,DEV-00854,1,2078,0.9,ร้านส่งช้ากว่ากำหนด 10 วัน
U00856,loyal,1981,False,True,66,65,1,1,0,DEV-00855,1,1628,1.76,เปลี่ยนใจ ไม่ต้องการแล้ว
U00857,normal,1220,True,False,4,4,0,0,1,DEV-00856,0,739,0.91,
U00858,new,16,False,False,0,0,0,0,1,DEV-00857,1,1893,1.07,
U00859,new,3,False,False,2,2,0,0,0,DEV-00858,1,429,1.15,
U00860,loyal,479,False,False,52,52,0,0,0,DEV-00859,1,1909,0.61,
U00861,abuser,31,True,False,12,7,5,4,6,DEV-RING-02,6,1284,4.44,ของไม่ตรงปก สีไม่ตรงกับที่สั่ง
U00862,loyal,818,True,False,48,48,0,0,0,DEV-00861,1,152,1.33,
U00863,loyal,934,True,True,28,28,0,0,0,DEV-00862,1,1885,1.35,
U00864,occasional_refuser,312,True,False,23,22,1,1,1,DEV-00863,0,1047,0.7,ไม่อยู่บ้าน ติดต่อไม่ได้
U00865,normal,677,False,True,16,16,0,0,0,DEV-00864,0,243,1.04,
U00866,normal,266,True,True,11,11,0,0,1,DEV-00865,1,178,1.09,
U00867,normal,292,False,True,4,4,0,0,1,DEV-00866,1,185,1.74,
U00868,new,21,False,True,2,2,0,0,0,DEV-00867,1,685,1.56,
U00869,abuser,49,False,False,5,3,2,2,7,DEV-RING-05,5,1928,5.44,เจอที่อื่นถูกกว่า
U00870,new,7,True,False,0,0,0,0,1,DEV-00869,0,1409,1.18,
U00871,new,25,False,True,2,2,0,0,1,DEV-00870,1,174,1.0,
U00872,normal,1229,True,False,9,9,0,0,1,DEV-00871,0,2455,0.65,
U00873,normal,891,True,False,14,12,2,2,0,DEV-00872,1,1049,1.41,ไม่มีเงินจ่ายตอนของมาส่ง
U00874,new,26,False,False,0,0,0,0,1,DEV-00873,0,1504,0.61,
U00875,normal,1314,True,False,29,28,1,0,1,DEV-00874,1,456,1.62,เจอที่อื่นถูกกว่า
U00876,normal,126,True,True,11,10,1,0,0,DEV-00875,1,734,1.45,เปลี่ยนใจ ไม่ต้องการแล้ว
U00877,loyal,1999,True,False,66,65,1,0,0,DEV-00876,1,339,1.52,ได้รับสินค้าผิดรุ่น
U00878,abuser,88,False,False,17,9,8,1,3,DEV-RING-01,6,1527,5.5,กล่องบุบ สินค้าเสียหาย
U00879,normal,333,False,True,18,17,1,0,0,DEV-00878,0,568,1.46,สั่งผิด ไม่ได้ตั้งใจสั่ง
U00880,normal,800,True,True,7,7,0,0,0,DEV-00879,1,2436,0.61,
U00881,abuser,71,False,False,9,5,4,0,4,DEV-RING-07,3,1656,4.91,เปลี่ยนใจ ไม่ต้องการแล้ว
U00882,loyal,1058,True,True,51,51,0,0,0,DEV-00881,1,1065,1.26,
U00883,abuser,96,False,False,13,9,4,4,4,DEV-RING-00,4,2458,4.92,ไม่มีเงินจ่ายตอนของมาส่ง
U00884,normal,1497,True,True,13,13,0,0,1,DEV-00883,0,2451,1.35,
U00885,new,23,True,True,2,1,1,0,0,DEV-00884,0,652,1.43,ได้รับสินค้าผิดรุ่น
U00886,loyal,702,True,True,49,49,0,0,0,DEV-00885,0,900,0.73,
U00887,loyal,2035,True,True,79,79,0,0,0,DEV-00886,1,1573,0.84,
U00888,new,28,False,True,1,1,0,0,0,DEV-00887,1,1237,1.28,
U00889,occasional_refuser,862,False,False,5,3,2,1,0,DEV-00888,1,1352,0.84,ได้รับสินค้าผิดรุ่น
U00890,occasional_refuser,645,False,False,12,10,2,1,1,DEV-00889,0,1924,1.14,ของไม่ตรงปก สีไม่ตรงกับที่สั่ง
U00891,occasional_refuser,1067,True,False,23,21,2,1,1,DEV-00890,1,1750,0.67,สั่งผิด ไม่ได้ตั้งใจสั่ง
U00892,occasional_refuser,467,True,True,16,13,3,1,1,DEV-00891,1,1406,1.45,ของไม่ตรงปก สีไม่ตรงกับที่สั่ง
U00893,new,18,True,True,0,0,0,0,1,DEV-00892,0,2341,0.79,
U00894,occasional_refuser,456,False,False,20,17,3,1,0,DEV-00893,1,489,0.82,เปลี่ยนใจ ไม่ต้องการแล้ว
U00895,normal,974,True,False,29,27,2,0,0,DEV-00894,1,2328,1.37,เจอที่อื่นถูกกว่า
U00896,normal,762,False,True,24,24,0,0,0,DEV-00895,0,1059,0.75,
U00897,normal,264,True,True,13,12,1,1,0,DEV-00896,0,628,1.64,ของไม่ตรงปก สีไม่ตรงกับที่สั่ง
U00898,loyal,466,True,True,46,44,2,0,0,DEV-00897,0,1641,1.02,ร้านส่งช้ากว่ากำหนด 10 วัน
U00899,loyal,1275,True,False,20,20,0,0,0,DEV-00898,1,616,1.07,
U00900,normal,995,True,True,3,2,1,0,0,DEV-00899,1,1411,0.94,ของไม่ตรงปก สีไม่ตรงกับที่สั่ง
U00901,normal,1126,True,False,15,15,0,0,0,DEV-00900,0,1788,0.79,
U00902,normal,901,True,False,27,25,2,1,0,DEV-00901,1,2258,0.93,กล่องบุบ สินค้าเสียหาย
U00903,occasional_refuser,539,True,True,8,7,1,1,0,DEV-00902,0,2124,1.54,ได้รับสินค้าผิดรุ่น
U00904,normal,190,True,True,25,24,1,1,0,DEV-00903,0,1597,1.75,ไม่อยู่บ้าน ติดต่อไม่ได้
U00905,abuser,47,False,True,7,5,2,1,4,DEV-RING-01,6,762,4.42,ไม่มีเงินจ่ายตอนของมาส่ง
U00906,loyal,649,False,True,29,29,0,0,0,DEV-00905,1,900,1.68,
U00907,abuser,26,False,True,16,6,10,5,6,DEV-RING-00,6,1908,3.62,เปลี่ยนใจ ไม่ต้องการแล้ว
U00908,normal,901,False,False,17,16,1,1,0,DEV-00907,0,634,0.71,กล่องบุบ สินค้าเสียหาย
U00909,occasional_refuser,866,True,False,14,13,1,0,0,DEV-00908,0,588,0.84,ไม่มีเงินจ่ายตอนของมาส่ง
U00910,abuser,66,False,True,6,4,2,2,6,DEV-RING-07,2,1151,5.41,ไม่มีเงินจ่ายตอนของมาส่ง
U00911,loyal,1291,False,False,45,45,0,0,0,DEV-00910,0,2156,1.66,
U00912,loyal,1889,True,True,61,60,1,1,0,DEV-00911,0,1649,1.04,ไม่อยู่บ้าน ติดต่อไม่ได้
U00913,normal,532,True,False,5,4,1,0,0,DEV-00912,1,1282,1.48,ได้รับสินค้าผิดรุ่น
U00914,normal,1134,False,False,4,3,1,0,0,DEV-00913,1,947,0.86,ไม่อยู่บ้าน ติดต่อไม่ได้
U00915,occasional_refuser,262,True,True,12,10,2,1,0,DEV-00914,0,1010,1.23,เปลี่ยนใจ ไม่ต้องการแล้ว
U00916,normal,1370,False,False,10,10,0,0,1,DEV-00915,0,771,0.95,
U00917,loyal,1365,False,False,25,25,0,0,0,DEV-00916,0,404,1.8,
U00918,occasional_refuser,825,False,False,19,16,3,2,0,DEV-00917,1,592,1.39,ไม่อยู่บ้าน ติดต่อไม่ได้
U00919,normal,1477,False,False,17,16,1,1,0,DEV-00918,1,874,1.35,ได้รับสินค้าผิดรุ่น
U00920,new,2,False,True,1,1,0,0,1,DEV-00919,1,196,1.41,
U00921,loyal,1520,True,True,37,37,0,0,0,DEV-00920,1,1984,0.83,
U00922,new,21,True,True,1,1,0,0,1,DEV-00921,0,754,1.07,
U00923,abuser,42,False,False,13,7,6,1,3,DEV-RING-05,3,2443,3.44,ของไม่ตรงปก สีไม่ตรงกับที่สั่ง
U00924,normal,1363,True,False,11,11,0,0,0,DEV-00923,0,1486,0.61,
U00925,normal,1036,False,False,20,19,1,1,0,DEV-00924,1,2297,0.96,ไม่มีเงินจ่ายตอนของมาส่ง
U00926,normal,264,True,False,6,6,0,0,1,DEV-00925,1,461,0.64,
U00927,abuser,109,False,False,5,3,2,0,6,DEV-RING-04,6,1689,2.76,ไม่อยู่บ้าน ติดต่อไม่ได้
U00928,loyal,424,True,False,68,68,0,0,0,DEV-00927,0,1113,0.79,
U00929,normal,871,False,False,3,1,2,2,0,DEV-00928,0,2056,1.13,ไม่มีเงินจ่ายตอนของมาส่ง
U00930,normal,1424,False,False,26,26,0,0,0,DEV-00929,0,389,1.32,
U00931,normal,1478,False,False,14,12,2,0,0,DEV-00930,0,1955,1.53,เปลี่ยนใจ ไม่ต้องการแล้ว
U00932,new,3,False,False,2,2,0,0,1,DEV-00931,1,578,0.95,
U00933,occasional_refuser,887,False,True,15,14,1,0,0,DEV-00932,1,1412,0.77,ไม่อยู่บ้าน ติดต่อไม่ได้
U00934,loyal,2290,True,False,39,39,0,0,0,DEV-00933,1,998,1.66,
U00935,loyal,613,True,False,60,58,2,0,0,DEV-00934,0,1579,1.05,สั่งผิด ไม่ได้ตั้งใจสั่ง
U00936,new,21,True,True,0,0,0,0,0,DEV-00935,1,1795,1.06,
U00937,occasional_refuser,1020,True,False,9,7,2,2,1,DEV-00936,0,484,0.86,ของไม่ตรงปก สีไม่ตรงกับที่สั่ง
U00938,normal,1187,False,False,14,11,3,1,0,DEV-00937,0,1141,0.77,เจอที่อื่นถูกกว่า
U00939,normal,981,False,True,17,17,0,0,1,DEV-00938,0,1392,1.08,
U00940,normal,880,False,False,29,26,3,3,0,DEV-00939,0,1782,1.4,เจอที่อื่นถูกกว่า
U00941,normal,1266,True,True,12,12,0,0,0,DEV-00940,1,1109,0.64,
U00942,loyal,1203,True,True,31,31,0,0,0,DEV-00941,0,1507,1.6,
U00943,loyal,456,True,True,49,49,0,0,0,DEV-00942,0,575,1.11,
U00944,normal,899,True,True,13,12,1,1,0,DEV-00943,0,211,1.11,ไม่มีเงินจ่ายตอนของมาส่ง
U00945,occasional_refuser,675,True,True,20,17,3,3,0,DEV-00944,1,2384,1.64,ไม่อยู่บ้าน ติดต่อไม่ได้
U00946,loyal,1204,True,True,39,39,0,0,0,DEV-00945,0,502,1.39,
U00947,loyal,1078,True,True,19,19,0,0,0,DEV-00946,1,234,1.13,
U00948,normal,711,False,False,24,22,2,1,0,DEV-00947,0,826,1.54,ของไม่ตรงปก สีไม่ตรงกับที่สั่ง
U00949,occasional_refuser,567,False,True,22,19,3,3,0,DEV-00948,1,215,1.62,ไม่อยู่บ้าน ติดต่อไม่ได้
U00950,normal,730,False,False,18,18,0,0,0,DEV-00949,0,839,0.94,
U00951,new,1,False,True,0,0,0,0,0,DEV-00950,0,367,1.43,
U00952,loyal,1811,True,False,76,75,1,0,0,DEV-00951,0,1943,0.84,กล่องบุบ สินค้าเสียหาย
U00953,normal,677,True,False,16,16,0,0,1,DEV-00952,1,1750,1.43,
U00954,loyal,1519,True,False,38,38,0,0,0,DEV-00953,1,519,1.09,
U00955,loyal,1934,True,False,72,72,0,0,0,DEV-00954,1,2220,0.83,
U00956,normal,589,False,False,5,5,0,0,0,DEV-00955,1,221,1.01,
U00957,loyal,2203,True,False,53,52,1,1,0,DEV-00956,0,2436,1.26,ไม่อยู่บ้าน ติดต่อไม่ได้
U00958,normal,1088,True,False,20,19,1,0,0,DEV-00957,0,1096,1.79,เปลี่ยนใจ ไม่ต้องการแล้ว
U00959,loyal,2082,True,False,25,25,0,0,0,DEV-00958,1,1179,1.43,
U00960,normal,565,True,False,9,8,1,0,0,DEV-00959,1,401,1.65,ไม่มีเงินจ่ายตอนของมาส่ง
U00961,normal,258,True,False,16,16,0,0,0,DEV-00960,1,586,1.26,
U00962,normal,909,True,False,4,4,0,0,0,DEV-00961,0,1891,0.89,
U00963,normal,1318,True,True,4,4,0,0,0,DEV-00962,1,2283,1.16,
U00964,normal,349,True,True,21,21,0,0,0,DEV-00963,0,1423,0.91,
U00965,loyal,442,False,True,57,56,1,0,0,DEV-00964,1,1814,1.74,สั่งผิด ไม่ได้ตั้งใจสั่ง
U00966,loyal,1765,True,False,38,38,0,0,0,DEV-00965,0,1408,1.45,
U00967,occasional_refuser,542,True,False,7,4,3,0,0,DEV-00966,1,866,1.39,ของไม่ตรงปก สีไม่ตรงกับที่สั่ง
U00968,normal,1080,False,False,19,17,2,0,0,DEV-00967,1,523,0.83,ได้รับสินค้าผิดรุ่น
U00969,abuser,45,False,False,6,4,2,1,5,DEV-RING-00,6,2334,5.65,ได้รับสินค้าผิดรุ่น
U00970,normal,896,False,True,20,20,0,0,1,DEV-00969,1,820,1.61,
U00971,normal,350,True,True,8,8,0,0,0,DEV-00970,1,551,1.27,
U00972,normal,162,True,True,11,11,0,0,0,DEV-00971,0,1862,1.35,
U00973,new,11,False,False,0,0,0,0,0,DEV-00972,0,1122,0.9,
U00974,normal,721,False,False,27,26,1,0,0,DEV-00973,0,1150,0.67,ได้รับสินค้าผิดรุ่น
U00975,loyal,912,True,False,35,35,0,0,0,DEV-00974,1,1297,1.43,
U00976,occasional_refuser,243,False,True,18,16,2,1,1,DEV-00975,1,1828,0.65,ของไม่ตรงปก สีไม่ตรงกับที่สั่ง
U00977,new,1,False,False,2,1,1,0,1,DEV-00976,0,2328,1.68,ไม่มีเงินจ่ายตอนของมาส่ง
U00978,abuser,73,False,False,16,7,9,8,4,DEV-RING-06,6,777,5.81,สั่งผิด ไม่ได้ตั้งใจสั่ง
U00979,occasional_refuser,167,True,False,15,14,1,1,0,DEV-00978,1,240,1.17,ไม่อยู่บ้าน ติดต่อไม่ได้
U00980,normal,1355,False,False,13,12,1,1,0,DEV-00979,0,2419,1.25,ร้านส่งช้ากว่ากำหนด 10 วัน
U00981,new,3,True,False,2,2,0,0,0,DEV-00980,0,848,1.52,
U00982,normal,556,False,True,20,20,0,0,0,DEV-00981,1,1294,1.1,
U00983,normal,1354,True,True,22,19,3,1,0,DEV-00982,0,1804,1.04,กล่องบุบ สินค้าเสียหาย
U00984,normal,1311,False,True,4,4,0,0,0,DEV-00983,1,2124,0.8,
U00985,normal,685,False,False,28,28,0,0,0,DEV-00984,1,2268,1.26,
U00986,new,12,False,False,2,2,0,0,1,DEV-00985,0,865,1.31,
U00987,new,17,True,False,2,2,0,0,0,DEV-00986,1,1027,1.51,
U00988,loyal,699,False,True,43,43,0,0,0,DEV-00987,0,2438,1.11,
U00989,normal,410,True,True,24,23,1,1,1,DEV-00988,1,1595,0.89,กล่องบุบ สินค้าเสียหาย
U00990,loyal,1748,True,True,52,52,0,0,0,DEV-00989,1,1237,1.73,
U00991,loyal,671,True,True,37,37,0,0,0,DEV-00990,0,2168,1.79,
U00992,loyal,2144,False,True,49,49,0,0,0,DEV-00991,0,1909,0.84,
U00993,new,7,True,False,2,2,0,0,1,DEV-00992,1,1458,1.32,
U00994,normal,507,True,True,27,25,2,1,1,DEV-00993,0,1854,1.73,ได้รับสินค้าผิดรุ่น
U00995,normal,1421,True,False,18,17,1,0,1,DEV-00994,1,2440,1.03,เจอที่อื่นถูกกว่า
U00996,normal,710,False,True,27,25,2,1,1,DEV-00995,0,1959,0.91,เปลี่ยนใจ ไม่ต้องการแล้ว
U00997,normal,321,True,False,10,10,0,0,0,DEV-00996,0,2318,1.33,
U00998,loyal,910,True,False,23,23,0,0,0,DEV-00997,1,1371,1.22,
U00999,normal,1338,True,False,11,10,1,0,1,DEV-00998,0,696,0.89,ไม่มีเงินจ่ายตอนของมาส่ง
U01000,loyal,2326,True,True,39,39,0,0,0,DEV-00999,0,1073,1.77,
